Imagem,Descrição,Probabilidade
ADE_val_00001001.jpg,Galbanum Sub odor,0.0993
ADE_val_00001001.jpg,Stone Sub odor,0.0680
ADE_val_00001001.jpg,Aldehydic Sub odor,0.0506
ADE_val_00001001.jpg,Decaying Vegetation Sub odor,0.0312
ADE_val_00001001.jpg,Durain Sub odor,0.0268
ADE_val_00001001.jpg,Hawthorn Sub odor,0.0201
ADE_val_00001001.jpg,Turpentine Sub odor,0.0161
ADE_val_00001001.jpg,Privet Sub odor,0.0147
ADE_val_00001001.jpg,Davana Sub odor,0.0140
ADE_val_00001001.jpg,Decayed Sub odor,0.0140
ADE_val_00001005.jpg,Tarmac Sub odor,0.1066
ADE_val_00001005.jpg,Fecal Sub odor,0.0427
ADE_val_00001005.jpg,Reseda Sub odor,0.0316
ADE_val_00001005.jpg,Durain Sub odor,0.0185
ADE_val_00001005.jpg,Wet Air Sub odor,0.0178
ADE_val_00001005.jpg,Fresh Air Sub odor,0.0171
ADE_val_00001005.jpg,Diffusive Sub odor,0.0161
ADE_val_00001005.jpg,Solvent Sub odor,0.0134
ADE_val_00001005.jpg,Citral Sub odor,0.0121
ADE_val_00001005.jpg,Acetic Sub odor,0.0115
ADE_val_00001015.jpg,Durain Sub odor,0.1375
ADE_val_00001015.jpg,Aldehydic Sub odor,0.0630
ADE_val_00001015.jpg,Davana Sub odor,0.0514
ADE_val_00001015.jpg,Alkane Sub odor,0.0452
ADE_val_00001015.jpg,Myrrh Sub odor,0.0442
ADE_val_00001015.jpg,Lactonic Sub odor,0.0332
ADE_val_00001015.jpg,Benzaldehyde Sub odor,0.0223
ADE_val_00001015.jpg,Stone Sub odor,0.0220
ADE_val_00001015.jpg,Acetic Sub odor,0.0209
ADE_val_00001015.jpg,Thiamine Sub odor,0.0199
ADE_val_00001034.jpg,Alliaceous Sub odor,0.0380
ADE_val_00001034.jpg,Paint Sub odor,0.0334
ADE_val_00001034.jpg,Pesticide Sub odor,0.0249
ADE_val_00001034.jpg,Vinous Sub odor,0.0237
ADE_val_00001034.jpg,Tallow Sub odor,0.0223
ADE_val_00001034.jpg,Reseda Sub odor,0.0203
ADE_val_00001034.jpg,Orange Blossom Sub odor,0.0187
ADE_val_00001034.jpg,Acetic Sub odor,0.0181
ADE_val_00001034.jpg,Narcissus Sub odor,0.0161
ADE_val_00001034.jpg,Diffusive Sub odor,0.0158
ADE_val_00001054.jpg,Davana Sub odor,0.0485
ADE_val_00001054.jpg,Fecal Sub odor,0.0209
ADE_val_00001054.jpg,Guaiacwood Sub odor,0.0203
ADE_val_00001054.jpg,Wet Wool Sub odor,0.0190
ADE_val_00001054.jpg,Cananga Sub odor,0.0163
ADE_val_00001054.jpg,Pyrazine Sub odor,0.0153
ADE_val_00001054.jpg,Origanum Sub odor,0.0149
ADE_val_00001054.jpg,Hawthorn Sub odor,0.0144
ADE_val_00001054.jpg,Pesticide Sub odor,0.0130
ADE_val_00001054.jpg,Ylang Sub odor,0.0088
ADE_val_00001063.jpg,Sandalwood Sub odor,0.0457
ADE_val_00001063.jpg,Mahogany Sub odor,0.0375
ADE_val_00001063.jpg,Davana Sub odor,0.0301
ADE_val_00001063.jpg,Tallow Sub odor,0.0264
ADE_val_00001063.jpg,Shoe Polish Sub odor,0.0247
ADE_val_00001063.jpg,Oak Moss Sub odor,0.0202
ADE_val_00001063.jpg,Diffusive Sub odor,0.0188
ADE_val_00001063.jpg,Cedarwood Sub odor,0.0187
ADE_val_00001063.jpg,Camphor Sub odor,0.0142
ADE_val_00001063.jpg,Solvent Sub odor,0.0136
ADE_val_00001073.jpg,Drain Sub odor,0.0477
ADE_val_00001073.jpg,Mildew Sub odor,0.0396
ADE_val_00001073.jpg,Oak Moss Sub odor,0.0310
ADE_val_00001073.jpg,Cedar Sub odor,0.0300
ADE_val_00001073.jpg,Mahogany Sub odor,0.0224
ADE_val_00001073.jpg,Varnish Sub odor,0.0219
ADE_val_00001073.jpg,Coal tar Sub odor,0.0219
ADE_val_00001073.jpg,Citronella Sub odor,0.0175
ADE_val_00001073.jpg,Cedarwood Sub odor,0.0136
ADE_val_00001073.jpg,Juniper Sub odor,0.0116
ADE_val_00001083.jpg,Drain Sub odor,0.1511
ADE_val_00001083.jpg,Mildew Sub odor,0.0437
ADE_val_00001083.jpg,Fecal Sub odor,0.0423
ADE_val_00001083.jpg,Septic Sub odor,0.0303
ADE_val_00001083.jpg,Cleaning Fluid Sub odor,0.0260
ADE_val_00001083.jpg,Cedar Sub odor,0.0242
ADE_val_00001083.jpg,Public Toilet Sub odor,0.0178
ADE_val_00001083.jpg,Urine Sub odor,0.0159
ADE_val_00001083.jpg,Sewage Sub odor,0.0148
ADE_val_00001083.jpg,Davana Sub odor,0.0145
ADE_val_00001106.jpg,Public Toilet Sub odor,0.0477
ADE_val_00001106.jpg,Kerosene Sub odor,0.0410
ADE_val_00001106.jpg,Restaurant Sub odor,0.0334
ADE_val_00001106.jpg,Fecal Sub odor,0.0288
ADE_val_00001106.jpg,Mildew Sub odor,0.0199
ADE_val_00001106.jpg,Soapy Sub odor,0.0194
ADE_val_00001106.jpg,Drain Sub odor,0.0181
ADE_val_00001106.jpg,Urine Sub odor,0.0179
ADE_val_00001106.jpg,Vomit Sub odor,0.0167
ADE_val_00001106.jpg,Hairdresser Sub odor,0.0164
ADE_val_00001112.jpg,Tropical Sub odor,0.2308
ADE_val_00001112.jpg,Limonene Sub odor,0.0236
ADE_val_00001112.jpg,Camphor Sub odor,0.0228
ADE_val_00001112.jpg,Thiamine Sub odor,0.0217
ADE_val_00001112.jpg,Bergamot Sub odor,0.0188
ADE_val_00001112.jpg,Vetiver Sub odor,0.0137
ADE_val_00001112.jpg,Acacia Sub odor,0.0132
ADE_val_00001112.jpg,Benzaldehyde Sub odor,0.0130
ADE_val_00001112.jpg,Costus Sub odor,0.0123
ADE_val_00001112.jpg,Neroli Sub odor,0.0122
ADE_val_00001122.jpg,Cedarwood Sub odor,0.0786
ADE_val_00001122.jpg,Carbolic Sub odor,0.0491
ADE_val_00001122.jpg,Cedar Sub odor,0.0171
ADE_val_00001122.jpg,Guaiacwood Sub odor,0.0169
ADE_val_00001122.jpg,Varnish Sub odor,0.0164
ADE_val_00001122.jpg,Mahogany Sub odor,0.0162
ADE_val_00001122.jpg,Davana Sub odor,0.0161
ADE_val_00001122.jpg,Laundered cloth Sub odor,0.0150
ADE_val_00001122.jpg,Durain Sub odor,0.0133
ADE_val_00001122.jpg,Cognac Sub odor,0.0131
ADE_val_00001131.jpg,Linalool Sub odor,0.0510
ADE_val_00001131.jpg,Costus Sub odor,0.0489
ADE_val_00001131.jpg,Davana Sub odor,0.0372
ADE_val_00001131.jpg,Laundered cloth Sub odor,0.0321
ADE_val_00001131.jpg,Carbolic Sub odor,0.0265
ADE_val_00001131.jpg,Camphor Sub odor,0.0250
ADE_val_00001131.jpg,Durain Sub odor,0.0235
ADE_val_00001131.jpg,Limonene Sub odor,0.0188
ADE_val_00001131.jpg,Thiamine Sub odor,0.0176
ADE_val_00001131.jpg,Acetic Sub odor,0.0151
ADE_val_00001151.jpg,Camphor Sub odor,0.1003
ADE_val_00001151.jpg,Costus Sub odor,0.0767
ADE_val_00001151.jpg,Davana Sub odor,0.0275
ADE_val_00001151.jpg,Linalool Sub odor,0.0275
ADE_val_00001151.jpg,Benzaldehyde Sub odor,0.0198
ADE_val_00001151.jpg,Laundered cloth Sub odor,0.0171
ADE_val_00001151.jpg,Gardenia Sub odor,0.0169
ADE_val_00001151.jpg,Citronella Sub odor,0.0162
ADE_val_00001151.jpg,Neroli Sub odor,0.0159
ADE_val_00001151.jpg,Sandalwood Sub odor,0.0154
ADE_val_00001159.jpg,Linalool Sub odor,0.0751
ADE_val_00001159.jpg,Laundered cloth Sub odor,0.0633
ADE_val_00001159.jpg,Camphor Sub odor,0.0562
ADE_val_00001159.jpg,Clary sage Sub odor,0.0265
ADE_val_00001159.jpg,Neroli Sub odor,0.0256
ADE_val_00001159.jpg,Linen Sub odor,0.0251
ADE_val_00001159.jpg,Cedarwood Sub odor,0.0240
ADE_val_00001159.jpg,Davana Sub odor,0.0187
ADE_val_00001159.jpg,Chicory Sub odor,0.0172
ADE_val_00001159.jpg,Costus Sub odor,0.0165
ADE_val_00001161.jpg,Stone Sub odor,0.0722
ADE_val_00001161.jpg,Camphor Sub odor,0.0462
ADE_val_00001161.jpg,Davana Sub odor,0.0422
ADE_val_00001161.jpg,Origanum Sub odor,0.0331
ADE_val_00001161.jpg,Costus Sub odor,0.0284
ADE_val_00001161.jpg,Neroli Sub odor,0.0230
ADE_val_00001161.jpg,Diffusive Sub odor,0.0188
ADE_val_00001161.jpg,Linen Sub odor,0.0178
ADE_val_00001161.jpg,Orris Sub odor,0.0172
ADE_val_00001161.jpg,Laundered cloth Sub odor,0.0171
ADE_val_00001211.jpg,Tarmac Sub odor,0.0619
ADE_val_00001211.jpg,Tonka Sub odor,0.0538
ADE_val_00001211.jpg,Cedar Sub odor,0.0348
ADE_val_00001211.jpg,Aquarium Sub odor,0.0295
ADE_val_00001211.jpg,Marine Sub odor,0.0271
ADE_val_00001211.jpg,Aquatic Sub odor,0.0265
ADE_val_00001211.jpg,Juniper Sub odor,0.0250
ADE_val_00001211.jpg,Rotten Fish Sub odor,0.0175
ADE_val_00001211.jpg,Solvent Sub odor,0.0156
ADE_val_00001211.jpg,Privet Sub odor,0.0145
ADE_val_00001229.jpg,Rummy Sub odor,0.1258
ADE_val_00001229.jpg,Incense Sub odor,0.0650
ADE_val_00001229.jpg,Cigar Sub odor,0.0460
ADE_val_00001229.jpg,Cognac Sub odor,0.0264
ADE_val_00001229.jpg,Carbolic Sub odor,0.0254
ADE_val_00001229.jpg,Cigarette Sub odor,0.0154
ADE_val_00001229.jpg,Mahogany Sub odor,0.0136
ADE_val_00001229.jpg,Distinctive Sub odor,0.0134
ADE_val_00001229.jpg,Guaiacwood Sub odor,0.0121
ADE_val_00001229.jpg,Tallow Sub odor,0.0112
ADE_val_00001238.jpg,Cut Grass Sub odor,0.0298
ADE_val_00001238.jpg,Acacia Sub odor,0.0279
ADE_val_00001238.jpg,"Grassy(Green, Sharp)' Sub odor",0.0268
ADE_val_00001238.jpg,Dead Sub odor,0.0228
ADE_val_00001238.jpg,Cypress Sub odor,0.0202
ADE_val_00001238.jpg,Pyrazine Sub odor,0.0189
ADE_val_00001238.jpg,Cassia Sub odor,0.0168
ADE_val_00001238.jpg,Fecal Sub odor,0.0161
ADE_val_00001238.jpg,Fresh Cut Grass Sub odor,0.0158
ADE_val_00001238.jpg,Magnolia Sub odor,0.0153
ADE_val_00001248.jpg,Durain Sub odor,0.0989
ADE_val_00001248.jpg,Origanum Sub odor,0.0352
ADE_val_00001248.jpg,Aldehydic Sub odor,0.0312
ADE_val_00001248.jpg,Acetic Sub odor,0.0251
ADE_val_00001248.jpg,Tarry Sub odor,0.0248
ADE_val_00001248.jpg,Stone Sub odor,0.0213
ADE_val_00001248.jpg,Benzaldehyde Sub odor,0.0190
ADE_val_00001248.jpg,Eugenol Sub odor,0.0189
ADE_val_00001248.jpg,Myrrh Sub odor,0.0178
ADE_val_00001248.jpg,Galbanum Sub odor,0.0163
ADE_val_00001258.jpg,Dry Cleaning Sub odor,0.1004
ADE_val_00001258.jpg,Linalool Sub odor,0.0377
ADE_val_00001258.jpg,Industrial Unit Sub odor,0.0353
ADE_val_00001258.jpg,Oak Moss Sub odor,0.0268
ADE_val_00001258.jpg,Camphor Sub odor,0.0260
ADE_val_00001258.jpg,Fir needle Sub odor,0.0210
ADE_val_00001258.jpg,Wet Wool Sub odor,0.0207
ADE_val_00001258.jpg,Clothes Sub odor,0.0196
ADE_val_00001258.jpg,Diffusive Sub odor,0.0155
ADE_val_00001258.jpg,Acetic Sub odor,0.0133
ADE_val_00001264.jpg,Tarmac Sub odor,0.0927
ADE_val_00001264.jpg,Wet Air Sub odor,0.0572
ADE_val_00001264.jpg,Fresh Air Sub odor,0.0350
ADE_val_00001264.jpg,Ammonia Sub odor,0.0238
ADE_val_00001264.jpg,Distinctive Sub odor,0.0155
ADE_val_00001264.jpg,Durain Sub odor,0.0152
ADE_val_00001264.jpg,Fuel Sub odor,0.0146
ADE_val_00001264.jpg,Diffusive Sub odor,0.0125
ADE_val_00001264.jpg,Aldehydic Sub odor,0.0114
ADE_val_00001264.jpg,Waterway Sub odor,0.0108
ADE_val_00001268.jpg,Ether Sub odor,0.0306
ADE_val_00001268.jpg,Sulphurous Sub odor,0.0186
ADE_val_00001268.jpg,Durain Sub odor,0.0170
ADE_val_00001268.jpg,Oak Sub odor,0.0162
ADE_val_00001268.jpg,Pesticide Sub odor,0.0140
ADE_val_00001268.jpg,Alkane Sub odor,0.0133
ADE_val_00001268.jpg,Diffusive Sub odor,0.0131
ADE_val_00001268.jpg,Thiamine Sub odor,0.0127
ADE_val_00001268.jpg,Benzaldehyde Sub odor,0.0120
ADE_val_00001268.jpg,Hawthorn Sub odor,0.0112
ADE_val_00001287.jpg,Old wood Sub odor,0.1445
ADE_val_00001287.jpg,Cedar Sub odor,0.0413
ADE_val_00001287.jpg,Manure Sub odor,0.0351
ADE_val_00001287.jpg,Coal tar Sub odor,0.0343
ADE_val_00001287.jpg,Cedarwood Sub odor,0.0217
ADE_val_00001287.jpg,Pyrazine Sub odor,0.0216
ADE_val_00001287.jpg,Burnt Wood Sub odor,0.0210
ADE_val_00001287.jpg,Coal Sub odor,0.0209
ADE_val_00001287.jpg,Turpentine Sub odor,0.0195
ADE_val_00001287.jpg,Decaying Vegetation Sub odor,0.0175
ADE_val_00001306.jpg,Vinous Sub odor,0.0647
ADE_val_00001306.jpg,Camphor Sub odor,0.0506
ADE_val_00001306.jpg,Tallow Sub odor,0.0408
ADE_val_00001306.jpg,Sulphurous Sub odor,0.0368
ADE_val_00001306.jpg,Carbolic Sub odor,0.0266
ADE_val_00001306.jpg,Cognac Sub odor,0.0228
ADE_val_00001306.jpg,Mahogany Sub odor,0.0211
ADE_val_00001306.jpg,Durain Sub odor,0.0179
ADE_val_00001306.jpg,Oak Moss Sub odor,0.0178
ADE_val_00001306.jpg,Linalool Sub odor,0.0160
ADE_val_00001316.jpg,Citronella Sub odor,0.0468
ADE_val_00001316.jpg,Camphor Sub odor,0.0454
ADE_val_00001316.jpg,Cedar Sub odor,0.0416
ADE_val_00001316.jpg,Restaurant Sub odor,0.0402
ADE_val_00001316.jpg,Oak Moss Sub odor,0.0308
ADE_val_00001316.jpg,Mahogany Sub odor,0.0296
ADE_val_00001316.jpg,Mildew Sub odor,0.0193
ADE_val_00001316.jpg,Oak Sub odor,0.0169
ADE_val_00001316.jpg,Cedarwood Sub odor,0.0157
ADE_val_00001316.jpg,Tallow Sub odor,0.0154
ADE_val_00001369.jpg,Sewage Sub odor,0.1066
ADE_val_00001369.jpg,Waterway Sub odor,0.0814
ADE_val_00001369.jpg,Water Sub odor,0.0792
ADE_val_00001369.jpg,Drain Sub odor,0.0523
ADE_val_00001369.jpg,Fecal Sub odor,0.0182
ADE_val_00001369.jpg,Privet Sub odor,0.0174
ADE_val_00001369.jpg,Public Toilet Sub odor,0.0150
ADE_val_00001369.jpg,Camphor Sub odor,0.0145
ADE_val_00001369.jpg,Pyrazine Sub odor,0.0137
ADE_val_00001369.jpg,Ammonia Sub odor,0.0132
ADE_val_00001404.jpg,Benzaldehyde Sub odor,0.1022
ADE_val_00001404.jpg,Alkane Sub odor,0.0574
ADE_val_00001404.jpg,Durain Sub odor,0.0387
ADE_val_00001404.jpg,Acetic Sub odor,0.0384
ADE_val_00001404.jpg,Diffusive Sub odor,0.0369
ADE_val_00001404.jpg,Aldehydic Sub odor,0.0299
ADE_val_00001404.jpg,Lorry Sub odor,0.0296
ADE_val_00001404.jpg,Pyridine Sub odor,0.0281
ADE_val_00001404.jpg,Phenolic Sub odor,0.0264
ADE_val_00001404.jpg,Limonene Sub odor,0.0233
ADE_val_00001422.jpg,Ozone Sub odor,0.0505
ADE_val_00001422.jpg,Phenolic Sub odor,0.0455
ADE_val_00001422.jpg,Diffusive Sub odor,0.0396
ADE_val_00001422.jpg,Solvent Sub odor,0.0300
ADE_val_00001422.jpg,Walnut Sub odor,0.0264
ADE_val_00001422.jpg,Cedar Sub odor,0.0223
ADE_val_00001422.jpg,Industrial Unit Sub odor,0.0220
ADE_val_00001422.jpg,Juniper Sub odor,0.0210
ADE_val_00001422.jpg,Mildew Sub odor,0.0203
ADE_val_00001422.jpg,Orris Sub odor,0.0164
ADE_val_00001433.jpg,Walnut Sub odor,0.0273
ADE_val_00001433.jpg,Laundered cloth Sub odor,0.0247
ADE_val_00001433.jpg,Allium Sub odor,0.0194
ADE_val_00001433.jpg,Linalool Sub odor,0.0177
ADE_val_00001433.jpg,Ylang Sub odor,0.0173
ADE_val_00001433.jpg,Davana Sub odor,0.0167
ADE_val_00001433.jpg,Orchid Sub odor,0.0162
ADE_val_00001433.jpg,Costus Sub odor,0.0156
ADE_val_00001433.jpg,Cedarwood Sub odor,0.0144
ADE_val_00001433.jpg,Hyacinth Sub odor,0.0135
ADE_val_00001462.jpg,Cleaning Fluid Sub odor,0.0406
ADE_val_00001462.jpg,Walnut Sub odor,0.0354
ADE_val_00001462.jpg,Mildew Sub odor,0.0329
ADE_val_00001462.jpg,Solvent Sub odor,0.0248
ADE_val_00001462.jpg,Camphor Sub odor,0.0221
ADE_val_00001462.jpg,Cut Grass Sub odor,0.0193
ADE_val_00001462.jpg,Baker's Yeast Sub odor,0.0164
ADE_val_00001462.jpg,Phenolic Sub odor,0.0151
ADE_val_00001462.jpg,Linalool Sub odor,0.0133
ADE_val_00001462.jpg,Acrylic Sub odor,0.0119
ADE_val_00001472.jpg,Cleaning Fluid Sub odor,0.0248
ADE_val_00001472.jpg,Solvent Sub odor,0.0230
ADE_val_00001472.jpg,Camphor Sub odor,0.0223
ADE_val_00001472.jpg,Acrylic Sub odor,0.0210
ADE_val_00001472.jpg,Mildew Sub odor,0.0202
ADE_val_00001472.jpg,Cauliflower Sub odor,0.0154
ADE_val_00001472.jpg,Walnut Sub odor,0.0151
ADE_val_00001472.jpg,Parsley Sub odor,0.0150
ADE_val_00001472.jpg,Cooked potato Sub odor,0.0133
ADE_val_00001472.jpg,Orris Sub odor,0.0130
ADE_val_00001474.jpg,Grapefruit Sub odor,0.0345
ADE_val_00001474.jpg,Walnut Sub odor,0.0340
ADE_val_00001474.jpg,Dried Fruit Sub odor,0.0283
ADE_val_00001474.jpg,Camphor Sub odor,0.0237
ADE_val_00001474.jpg,Cooked potato Sub odor,0.0191
ADE_val_00001474.jpg,Mildew Sub odor,0.0175
ADE_val_00001474.jpg,Vinegar Sub odor,0.0161
ADE_val_00001474.jpg,Juniper Sub odor,0.0127
ADE_val_00001474.jpg,Varnish Sub odor,0.0121
ADE_val_00001474.jpg,Cleaning Fluid Sub odor,0.0118
ADE_val_00001491.jpg,Thiamine Sub odor,0.0388
ADE_val_00001491.jpg,Camphor Sub odor,0.0324
ADE_val_00001491.jpg,Coniferous Sub odor,0.0324
ADE_val_00001491.jpg,Davana Sub odor,0.0273
ADE_val_00001491.jpg,Waterway Sub odor,0.0267
ADE_val_00001491.jpg,Durain Sub odor,0.0255
ADE_val_00001491.jpg,Fresh Air Sub odor,0.0237
ADE_val_00001491.jpg,Pyrazine Sub odor,0.0224
ADE_val_00001491.jpg,Water Sub odor,0.0174
ADE_val_00001491.jpg,Hawthorn Sub odor,0.0158
ADE_val_00001511.jpg,Mahogany Sub odor,0.0888
ADE_val_00001511.jpg,Mildew Sub odor,0.0662
ADE_val_00001511.jpg,Camphor Sub odor,0.0305
ADE_val_00001511.jpg,Varnish Sub odor,0.0271
ADE_val_00001511.jpg,Walnut Sub odor,0.0249
ADE_val_00001511.jpg,Cleaning Fluid Sub odor,0.0213
ADE_val_00001511.jpg,Citronella Sub odor,0.0208
ADE_val_00001511.jpg,Oak Sub odor,0.0198
ADE_val_00001511.jpg,Drain Sub odor,0.0189
ADE_val_00001511.jpg,Solvent Sub odor,0.0185
ADE_val_00001520.jpg,Varnish Sub odor,0.0359
ADE_val_00001520.jpg,Camphor Sub odor,0.0302
ADE_val_00001520.jpg,Stone Sub odor,0.0268
ADE_val_00001520.jpg,Mildew Sub odor,0.0183
ADE_val_00001520.jpg,Durain Sub odor,0.0181
ADE_val_00001520.jpg,Carbolic Sub odor,0.0168
ADE_val_00001520.jpg,Aldehydic Sub odor,0.0168
ADE_val_00001520.jpg,Davana Sub odor,0.0167
ADE_val_00001520.jpg,Vetiver Sub odor,0.0161
ADE_val_00001520.jpg,Mahogany Sub odor,0.0150
ADE_val_00001527.jpg,Neroli Sub odor,0.0228
ADE_val_00001527.jpg,Paint Sub odor,0.0218
ADE_val_00001527.jpg,Laundered cloth Sub odor,0.0214
ADE_val_00001527.jpg,Linen Sub odor,0.0196
ADE_val_00001527.jpg,Davana Sub odor,0.0183
ADE_val_00001527.jpg,Geranium Sub odor,0.0157
ADE_val_00001527.jpg,Costus Sub odor,0.0145
ADE_val_00001527.jpg,Citral Sub odor,0.0144
ADE_val_00001527.jpg,Camphor Sub odor,0.0143
ADE_val_00001527.jpg,Carbolic Sub odor,0.0129
ADE_val_00001569.jpg,Pyrazine Sub odor,0.0405
ADE_val_00001569.jpg,Coal tar Sub odor,0.0378
ADE_val_00001569.jpg,Pesticide Sub odor,0.0230
ADE_val_00001569.jpg,Wet Air Sub odor,0.0199
ADE_val_00001569.jpg,Flatulence Sub odor,0.0183
ADE_val_00001569.jpg,Fecal Sub odor,0.0168
ADE_val_00001569.jpg,Benzaldehyde Sub odor,0.0166
ADE_val_00001569.jpg,Pyridine Sub odor,0.0144
ADE_val_00001569.jpg,Tarmac Sub odor,0.0141
ADE_val_00001569.jpg,Fresh Air Sub odor,0.0126
ADE_val_00001579.jpg,Davana Sub odor,0.1077
ADE_val_00001579.jpg,Aldehydic Sub odor,0.0349
ADE_val_00001579.jpg,Cedarwood Sub odor,0.0292
ADE_val_00001579.jpg,Durain Sub odor,0.0261
ADE_val_00001579.jpg,Limburger cheese Sub odor,0.0241
ADE_val_00001579.jpg,Coniferous Sub odor,0.0226
ADE_val_00001579.jpg,Camphor Sub odor,0.0196
ADE_val_00001579.jpg,Powdery Sub odor,0.0185
ADE_val_00001579.jpg,Wet Wool Sub odor,0.0176
ADE_val_00001579.jpg,Fir needle Sub odor,0.0155
ADE_val_00001589.jpg,Lorry Sub odor,0.0720
ADE_val_00001589.jpg,Waste Plant Sub odor,0.0592
ADE_val_00001589.jpg,Pyrazine Sub odor,0.0499
ADE_val_00001589.jpg,Benzaldehyde Sub odor,0.0456
ADE_val_00001589.jpg,Alkane Sub odor,0.0402
ADE_val_00001589.jpg,Chemical Plant Sub odor,0.0336
ADE_val_00001589.jpg,Durain Sub odor,0.0316
ADE_val_00001589.jpg,Aldehydic Sub odor,0.0276
ADE_val_00001589.jpg,Industrial Unit Sub odor,0.0268
ADE_val_00001589.jpg,Construction Site Sub odor,0.0253
ADE_val_00001598.jpg,Cedar Sub odor,0.0226
ADE_val_00001598.jpg,Toasty Sub odor,0.0218
ADE_val_00001598.jpg,Mahogany Sub odor,0.0184
ADE_val_00001598.jpg,Cardboard Sub odor,0.0145
ADE_val_00001598.jpg,Guaiacwood Sub odor,0.0138
ADE_val_00001598.jpg,Grain Sub odor,0.0135
ADE_val_00001598.jpg,Kerosene Sub odor,0.0122
ADE_val_00001598.jpg,Varnish Sub odor,0.0120
ADE_val_00001598.jpg,Mildew Sub odor,0.0119
ADE_val_00001598.jpg,Sawdust Sub odor,0.0118
ADE_val_00001608.jpg,Camphor Sub odor,0.0988
ADE_val_00001608.jpg,Tallow Sub odor,0.0258
ADE_val_00001608.jpg,Thiamine Sub odor,0.0247
ADE_val_00001608.jpg,Linalool Sub odor,0.0241
ADE_val_00001608.jpg,Phenolic Sub odor,0.0232
ADE_val_00001608.jpg,Oak Moss Sub odor,0.0230
ADE_val_00001608.jpg,Vinous Sub odor,0.0197
ADE_val_00001608.jpg,Davana Sub odor,0.0152
ADE_val_00001608.jpg,Caraway Sub odor,0.0140
ADE_val_00001608.jpg,Origanum Sub odor,0.0139
ADE_val_00001632.jpg,Industrial Unit Sub odor,0.1804
ADE_val_00001632.jpg,Chemical Plant Sub odor,0.1061
ADE_val_00001632.jpg,Waste Plant Sub odor,0.0446
ADE_val_00001632.jpg,"Grassy(Green, Sharp)' Sub odor",0.0343
ADE_val_00001632.jpg,Cut Grass Sub odor,0.0340
ADE_val_00001632.jpg,Alkane Sub odor,0.0254
ADE_val_00001632.jpg,Coniferous Sub odor,0.0183
ADE_val_00001632.jpg,Nitrile Sub odor,0.0158
ADE_val_00001632.jpg,Cypress Sub odor,0.0145
ADE_val_00001632.jpg,"Grassy (Fresh, Sweet)' Sub odor",0.0143
ADE_val_00001657.jpg,Cedar Sub odor,0.1305
ADE_val_00001657.jpg,Industrial Unit Sub odor,0.0523
ADE_val_00001657.jpg,Walnut Sub odor,0.0387
ADE_val_00001657.jpg,Old wood Sub odor,0.0324
ADE_val_00001657.jpg,Oak Sub odor,0.0297
ADE_val_00001657.jpg,Sawdust Sub odor,0.0250
ADE_val_00001657.jpg,Cypress Sub odor,0.0243
ADE_val_00001657.jpg,Cedarwood Sub odor,0.0196
ADE_val_00001657.jpg,Oak Moss Sub odor,0.0161
ADE_val_00001657.jpg,Mahogany Sub odor,0.0151
ADE_val_00001685.jpg,Cyclamen Sub odor,0.0498
ADE_val_00001685.jpg,Lily of the valley Sub odor,0.0424
ADE_val_00001685.jpg,Hyacinth Sub odor,0.0423
ADE_val_00001685.jpg,Valerian root Sub odor,0.0407
ADE_val_00001685.jpg,Costus Sub odor,0.0349
ADE_val_00001685.jpg,Bois de rose Sub odor,0.0331
ADE_val_00001685.jpg,Clary sage Sub odor,0.0319
ADE_val_00001685.jpg,Peony Sub odor,0.0288
ADE_val_00001685.jpg,Narcissus Sub odor,0.0226
ADE_val_00001685.jpg,Blooms Sub odor,0.0219
ADE_val_00001696.jpg,Coal tar Sub odor,0.2692
ADE_val_00001696.jpg,Street Cleaning Machine Sub odor,0.1719
ADE_val_00001696.jpg,Tarmac Sub odor,0.0549
ADE_val_00001696.jpg,Construction Site Sub odor,0.0207
ADE_val_00001696.jpg,Industrial Unit Sub odor,0.0176
ADE_val_00001696.jpg,Cleaning Fluid Sub odor,0.0128
ADE_val_00001696.jpg,Solvent Sub odor,0.0115
ADE_val_00001696.jpg,Cone-like Sub odor,0.0114
ADE_val_00001696.jpg,Nitrile Sub odor,0.0113
ADE_val_00001696.jpg,Benzaldehyde Sub odor,0.0087
ADE_val_00001715.jpg,Mahogany Sub odor,0.1578
ADE_val_00001715.jpg,Cognac Sub odor,0.0462
ADE_val_00001715.jpg,Paint Sub odor,0.0289
ADE_val_00001715.jpg,Old wood Sub odor,0.0283
ADE_val_00001715.jpg,Cedarwood Sub odor,0.0215
ADE_val_00001715.jpg,Clean Sub odor,0.0168
ADE_val_00001715.jpg,Varnish Sub odor,0.0165
ADE_val_00001715.jpg,Walnut Sub odor,0.0154
ADE_val_00001715.jpg,Linalool Sub odor,0.0147
ADE_val_00001715.jpg,Citronella Sub odor,0.0146
ADE_val_00001725.jpg,Industrial Unit Sub odor,0.0705
ADE_val_00001725.jpg,Oak Moss Sub odor,0.0537
ADE_val_00001725.jpg,Solvent Sub odor,0.0191
ADE_val_00001725.jpg,Plant Sub odor,0.0154
ADE_val_00001725.jpg,Black Olive Sub odor,0.0151
ADE_val_00001725.jpg,Coal tar Sub odor,0.0138
ADE_val_00001725.jpg,Dry Cleaning Sub odor,0.0128
ADE_val_00001725.jpg,Fresh Cut Grass Sub odor,0.0126
ADE_val_00001725.jpg,Fresh Cut Flower Sub odor,0.0124
ADE_val_00001725.jpg,Disinfectant Sub odor,0.0121
ADE_val_00001737.jpg,Construction Site Sub odor,0.1753
ADE_val_00001737.jpg,Lorry Sub odor,0.1503
ADE_val_00001737.jpg,Street Cleaning Machine Sub odor,0.0590
ADE_val_00001737.jpg,Davana Sub odor,0.0558
ADE_val_00001737.jpg,Waste Plant Sub odor,0.0550
ADE_val_00001737.jpg,Benzaldehyde Sub odor,0.0217
ADE_val_00001737.jpg,Industrial Unit Sub odor,0.0214
ADE_val_00001737.jpg,Jackfruit Sub odor,0.0196
ADE_val_00001737.jpg,Root Sub odor,0.0163
ADE_val_00001737.jpg,Sandalwood Sub odor,0.0116
ADE_val_00001783.jpg,Carbolic Sub odor,0.0425
ADE_val_00001783.jpg,Galbanum Sub odor,0.0405
ADE_val_00001783.jpg,Davana Sub odor,0.0328
ADE_val_00001783.jpg,Acetic Sub odor,0.0297
ADE_val_00001783.jpg,Street Cleaning Machine Sub odor,0.0234
ADE_val_00001783.jpg,Benzaldehyde Sub odor,0.0214
ADE_val_00001783.jpg,Tallow Sub odor,0.0197
ADE_val_00001783.jpg,Aldehydic Sub odor,0.0194
ADE_val_00001783.jpg,Citral Sub odor,0.0192
ADE_val_00001783.jpg,Rue Sub odor,0.0160
ADE_val_00001790.jpg,Street Cleaning Machine Sub odor,0.0335
ADE_val_00001790.jpg,Diffusive Sub odor,0.0297
ADE_val_00001790.jpg,Benzaldehyde Sub odor,0.0197
ADE_val_00001790.jpg,Wet Wool Sub odor,0.0187
ADE_val_00001790.jpg,Acacia Sub odor,0.0175
ADE_val_00001790.jpg,Acetic Sub odor,0.0149
ADE_val_00001790.jpg,Wet Air Sub odor,0.0142
ADE_val_00001790.jpg,Aldehydic Sub odor,0.0141
ADE_val_00001790.jpg,Durain Sub odor,0.0124
ADE_val_00001790.jpg,Rue Sub odor,0.0122
ADE_val_00001793.jpg,Benzaldehyde Sub odor,0.1027
ADE_val_00001793.jpg,Alkane Sub odor,0.0669
ADE_val_00001793.jpg,Street Cleaning Machine Sub odor,0.0622
ADE_val_00001793.jpg,Acetic Sub odor,0.0388
ADE_val_00001793.jpg,Durain Sub odor,0.0311
ADE_val_00001793.jpg,Diffusive Sub odor,0.0300
ADE_val_00001793.jpg,Aldehydic Sub odor,0.0253
ADE_val_00001793.jpg,Limonene Sub odor,0.0225
ADE_val_00001793.jpg,Thiamine Sub odor,0.0201
ADE_val_00001793.jpg,Camphor Sub odor,0.0201
ADE_val_00001802.jpg,"Grassy(Green, Sharp)' Sub odor",0.0795
ADE_val_00001802.jpg,Reseda Sub odor,0.0548
ADE_val_00001802.jpg,Benzaldehyde Sub odor,0.0434
ADE_val_00001802.jpg,Fecal Sub odor,0.0387
ADE_val_00001802.jpg,Davana Sub odor,0.0277
ADE_val_00001802.jpg,Thiamine Sub odor,0.0182
ADE_val_00001802.jpg,Alkane Sub odor,0.0181
ADE_val_00001802.jpg,Fresh Cut Grass Sub odor,0.0176
ADE_val_00001802.jpg,Citral Sub odor,0.0174
ADE_val_00001802.jpg,Durain Sub odor,0.0159
ADE_val_00001812.jpg,Street Cleaning Machine Sub odor,0.0716
ADE_val_00001812.jpg,Rye bready Sub odor,0.0359
ADE_val_00001812.jpg,Coal tar Sub odor,0.0294
ADE_val_00001812.jpg,Cortex Sub odor,0.0199
ADE_val_00001812.jpg,Galbanum Sub odor,0.0150
ADE_val_00001812.jpg,Rue Sub odor,0.0146
ADE_val_00001812.jpg,Cut Grass Sub odor,0.0134
ADE_val_00001812.jpg,Heliotrope Sub odor,0.0130
ADE_val_00001812.jpg,Turpentine Sub odor,0.0117
ADE_val_00001812.jpg,Solvent Sub odor,0.0102
ADE_val_00001822.jpg,Street Cleaning Machine Sub odor,0.1779
ADE_val_00001822.jpg,Coal tar Sub odor,0.0622
ADE_val_00001822.jpg,Diffusive Sub odor,0.0268
ADE_val_00001822.jpg,Cone-like Sub odor,0.0192
ADE_val_00001822.jpg,Characteristic Sub odor,0.0190
ADE_val_00001822.jpg,Fecal Sub odor,0.0149
ADE_val_00001822.jpg,Davana Sub odor,0.0123
ADE_val_00001822.jpg,Waterway Sub odor,0.0118
ADE_val_00001822.jpg,Street Vendor Sub odor,0.0115
ADE_val_00001822.jpg,Acetic Sub odor,0.0109
ADE_val_00001832.jpg,Street Cleaning Machine Sub odor,0.1084
ADE_val_00001832.jpg,Hawthorn Sub odor,0.0211
ADE_val_00001832.jpg,Diffusive Sub odor,0.0210
ADE_val_00001832.jpg,Fecal Sub odor,0.0201
ADE_val_00001832.jpg,Benzaldehyde Sub odor,0.0201
ADE_val_00001832.jpg,Alliaceous Sub odor,0.0161
ADE_val_00001832.jpg,Tree Sub odor,0.0131
ADE_val_00001832.jpg,Privet Sub odor,0.0127
ADE_val_00001832.jpg,Walnut Sub odor,0.0124
ADE_val_00001832.jpg,"Grassy(Green, Sharp)' Sub odor",0.0121
ADE_val_00001841.jpg,Durain Sub odor,0.1110
ADE_val_00001841.jpg,Aldehydic Sub odor,0.0775
ADE_val_00001841.jpg,Benzaldehyde Sub odor,0.0563
ADE_val_00001841.jpg,Street Cleaning Machine Sub odor,0.0479
ADE_val_00001841.jpg,Alkane Sub odor,0.0415
ADE_val_00001841.jpg,Acetic Sub odor,0.0267
ADE_val_00001841.jpg,Citral Sub odor,0.0199
ADE_val_00001841.jpg,Thiamine Sub odor,0.0178
ADE_val_00001841.jpg,Phenolic Sub odor,0.0160
ADE_val_00001841.jpg,Davana Sub odor,0.0159
ADE_val_00001842.jpg,Galbanum Sub odor,0.0380
ADE_val_00001842.jpg,Rue Sub odor,0.0336
ADE_val_00001842.jpg,Benzaldehyde Sub odor,0.0283
ADE_val_00001842.jpg,Hawthorn Sub odor,0.0258
ADE_val_00001842.jpg,Tallow Sub odor,0.0243
ADE_val_00001842.jpg,Privet Sub odor,0.0223
ADE_val_00001842.jpg,Acetic Sub odor,0.0220
ADE_val_00001842.jpg,Carbolic Sub odor,0.0215
ADE_val_00001842.jpg,Davana Sub odor,0.0202
ADE_val_00001842.jpg,Chervil Sub odor,0.0200
ADE_val_00001851.jpg,Benzaldehyde Sub odor,0.1065
ADE_val_00001851.jpg,Neroli Sub odor,0.0696
ADE_val_00001851.jpg,Vinous Sub odor,0.0383
ADE_val_00001851.jpg,Labdanum Sub odor,0.0343
ADE_val_00001851.jpg,Street Cleaning Machine Sub odor,0.0276
ADE_val_00001851.jpg,Acetic Sub odor,0.0268
ADE_val_00001851.jpg,Camphor Sub odor,0.0213
ADE_val_00001851.jpg,Tallow Sub odor,0.0208
ADE_val_00001851.jpg,Limonene Sub odor,0.0203
ADE_val_00001851.jpg,Cassia Sub odor,0.0178
ADE_val_00001880.jpg,Neroli Sub odor,0.0723
ADE_val_00001880.jpg,Davana Sub odor,0.0308
ADE_val_00001880.jpg,Thiamine Sub odor,0.0289
ADE_val_00001880.jpg,Valerian root Sub odor,0.0282
ADE_val_00001880.jpg,Benzaldehyde Sub odor,0.0275
ADE_val_00001880.jpg,Durain Sub odor,0.0253
ADE_val_00001880.jpg,Myrrh Sub odor,0.0245
ADE_val_00001880.jpg,Costus Sub odor,0.0225
ADE_val_00001880.jpg,Citronella Sub odor,0.0204
ADE_val_00001880.jpg,Origanum Sub odor,0.0187
ADE_val_00001895.jpg,Hawthorn Sub odor,0.0643
ADE_val_00001895.jpg,Juniper Sub odor,0.0577
ADE_val_00001895.jpg,Camphor Sub odor,0.0564
ADE_val_00001895.jpg,Privet Sub odor,0.0469
ADE_val_00001895.jpg,Cassia Sub odor,0.0401
ADE_val_00001895.jpg,Origanum Sub odor,0.0382
ADE_val_00001895.jpg,Eucalyptus Sub odor,0.0353
ADE_val_00001895.jpg,Pyrazine Sub odor,0.0339
ADE_val_00001895.jpg,Phenolic Sub odor,0.0323
ADE_val_00001895.jpg,Labdanum Sub odor,0.0323
ADE_val_00001909.jpg,Costus Sub odor,0.1435
ADE_val_00001909.jpg,Camphor Sub odor,0.0415
ADE_val_00001909.jpg,Orchid Sub odor,0.0282
ADE_val_00001909.jpg,Origanum Sub odor,0.0267
ADE_val_00001909.jpg,Linalool Sub odor,0.0184
ADE_val_00001909.jpg,Valerian root Sub odor,0.0176
ADE_val_00001909.jpg,Hyacinth Sub odor,0.0151
ADE_val_00001909.jpg,Jackfruit Sub odor,0.0144
ADE_val_00001909.jpg,Citral Sub odor,0.0127
ADE_val_00001909.jpg,Phenolic Sub odor,0.0124
ADE_val_00001929.jpg,Industrial Unit Sub odor,0.1531
ADE_val_00001929.jpg,Nitrile Sub odor,0.0865
ADE_val_00001929.jpg,Solvent Sub odor,0.0667
ADE_val_00001929.jpg,Dry Cleaning Sub odor,0.0240
ADE_val_00001929.jpg,Waste Plant Sub odor,0.0236
ADE_val_00001929.jpg,Acetic Sub odor,0.0225
ADE_val_00001929.jpg,Diffusive Sub odor,0.0173
ADE_val_00001929.jpg,Pyridine Sub odor,0.0150
ADE_val_00001929.jpg,Sawdust Sub odor,0.0142
ADE_val_00001929.jpg,Varnish Sub odor,0.0133
ADE_val_00001947.jpg,Industrial Unit Sub odor,0.0640
ADE_val_00001947.jpg,Phenolic Sub odor,0.0556
ADE_val_00001947.jpg,Alkane Sub odor,0.0268
ADE_val_00001947.jpg,Acetic Sub odor,0.0262
ADE_val_00001947.jpg,Durain Sub odor,0.0255
ADE_val_00001947.jpg,Thiamine Sub odor,0.0248
ADE_val_00001947.jpg,Aldehydic Sub odor,0.0185
ADE_val_00001947.jpg,Benzaldehyde Sub odor,0.0183
ADE_val_00001947.jpg,Benzene Sub odor,0.0168
ADE_val_00001947.jpg,Diffusive Sub odor,0.0163
ADE_val_00001978.jpg,Waterway Sub odor,0.0272
ADE_val_00001978.jpg,Fresh Air Sub odor,0.0220
ADE_val_00001978.jpg,Coal tar Sub odor,0.0195
ADE_val_00001978.jpg,Rye bready Sub odor,0.0182
ADE_val_00001978.jpg,Cortex Sub odor,0.0149
ADE_val_00001978.jpg,Cypress Sub odor,0.0144
ADE_val_00001978.jpg,Oyster Sub odor,0.0133
ADE_val_00001978.jpg,Ozone Sub odor,0.0130
ADE_val_00001978.jpg,Fecal Sub odor,0.0113
ADE_val_00001978.jpg,Clam Sub odor,0.0094
labelme_bxvctltntrtinjf.jpg,Carbolic Sub odor,0.0425
labelme_bxvctltntrtinjf.jpg,Galbanum Sub odor,0.0405
labelme_bxvctltntrtinjf.jpg,Davana Sub odor,0.0328
labelme_bxvctltntrtinjf.jpg,Acetic Sub odor,0.0297
labelme_bxvctltntrtinjf.jpg,Street Cleaning Machine Sub odor,0.0234
labelme_bxvctltntrtinjf.jpg,Benzaldehyde Sub odor,0.0214
labelme_bxvctltntrtinjf.jpg,Tallow Sub odor,0.0197
labelme_bxvctltntrtinjf.jpg,Aldehydic Sub odor,0.0194
labelme_bxvctltntrtinjf.jpg,Citral Sub odor,0.0192
labelme_bxvctltntrtinjf.jpg,Rue Sub odor,0.0160
labelme_dfmtscjlgpxnxvg.jpg,Coal tar Sub odor,0.0385
labelme_dfmtscjlgpxnxvg.jpg,Pyrazine Sub odor,0.0383
labelme_dfmtscjlgpxnxvg.jpg,Pesticide Sub odor,0.0235
labelme_dfmtscjlgpxnxvg.jpg,Wet Air Sub odor,0.0190
labelme_dfmtscjlgpxnxvg.jpg,Flatulence Sub odor,0.0181
labelme_dfmtscjlgpxnxvg.jpg,Fecal Sub odor,0.0153
labelme_dfmtscjlgpxnxvg.jpg,Benzaldehyde Sub odor,0.0151
labelme_dfmtscjlgpxnxvg.jpg,Gasoline Sub odor,0.0133
labelme_dfmtscjlgpxnxvg.jpg,Fresh Air Sub odor,0.0128
labelme_dfmtscjlgpxnxvg.jpg,Pyridine Sub odor,0.0127
labelme_dvkvazcsyvkumig.jpg,Diffusive Sub odor,0.0310
labelme_dvkvazcsyvkumig.jpg,Street Cleaning Machine Sub odor,0.0302
labelme_dvkvazcsyvkumig.jpg,Benzaldehyde Sub odor,0.0206
labelme_dvkvazcsyvkumig.jpg,Acacia Sub odor,0.0180
labelme_dvkvazcsyvkumig.jpg,Wet Wool Sub odor,0.0178
labelme_dvkvazcsyvkumig.jpg,Acetic Sub odor,0.0162
labelme_dvkvazcsyvkumig.jpg,Aldehydic Sub odor,0.0153
labelme_dvkvazcsyvkumig.jpg,Wet Air Sub odor,0.0134
labelme_dvkvazcsyvkumig.jpg,Durain Sub odor,0.0124
labelme_dvkvazcsyvkumig.jpg,Characteristic Sub odor,0.0122
labelme_fbpgpaxesdmtnqy.jpg,Benzaldehyde Sub odor,0.0996
labelme_fbpgpaxesdmtnqy.jpg,Street Cleaning Machine Sub odor,0.0722
labelme_fbpgpaxesdmtnqy.jpg,Alkane Sub odor,0.0606
labelme_fbpgpaxesdmtnqy.jpg,Acetic Sub odor,0.0367
labelme_fbpgpaxesdmtnqy.jpg,Diffusive Sub odor,0.0301
labelme_fbpgpaxesdmtnqy.jpg,Durain Sub odor,0.0295
labelme_fbpgpaxesdmtnqy.jpg,Aldehydic Sub odor,0.0257
labelme_fbpgpaxesdmtnqy.jpg,Limonene Sub odor,0.0220
labelme_fbpgpaxesdmtnqy.jpg,Vinous Sub odor,0.0208
labelme_fbpgpaxesdmtnqy.jpg,Thiamine Sub odor,0.0201
labelme_hueaxalkegppjob.jpg,"Grassy(Green, Sharp)' Sub odor",0.0677
labelme_hueaxalkegppjob.jpg,Reseda Sub odor,0.0563
labelme_hueaxalkegppjob.jpg,Benzaldehyde Sub odor,0.0529
labelme_hueaxalkegppjob.jpg,Fecal Sub odor,0.0424
labelme_hueaxalkegppjob.jpg,Davana Sub odor,0.0279
labelme_hueaxalkegppjob.jpg,Alkane Sub odor,0.0197
labelme_hueaxalkegppjob.jpg,Citral Sub odor,0.0181
labelme_hueaxalkegppjob.jpg,Thiamine Sub odor,0.0178
labelme_hueaxalkegppjob.jpg,Durain Sub odor,0.0172
labelme_hueaxalkegppjob.jpg,Fresh Cut Grass Sub odor,0.0167
labelme_ksbcdzlsogcuudh.jpg,Davana Sub odor,0.1187
labelme_ksbcdzlsogcuudh.jpg,Aldehydic Sub odor,0.0361
labelme_ksbcdzlsogcuudh.jpg,Cedarwood Sub odor,0.0284
labelme_ksbcdzlsogcuudh.jpg,Durain Sub odor,0.0258
labelme_ksbcdzlsogcuudh.jpg,Limburger cheese Sub odor,0.0206
labelme_ksbcdzlsogcuudh.jpg,Coniferous Sub odor,0.0201
labelme_ksbcdzlsogcuudh.jpg,Powdery Sub odor,0.0192
labelme_ksbcdzlsogcuudh.jpg,Camphor Sub odor,0.0176
labelme_ksbcdzlsogcuudh.jpg,Wet Wool Sub odor,0.0155
labelme_ksbcdzlsogcuudh.jpg,Spruce Sub odor,0.0146
labelme_kvyxvreglagziop.jpg,Street Cleaning Machine Sub odor,0.0798
labelme_kvyxvreglagziop.jpg,Rye bready Sub odor,0.0336
labelme_kvyxvreglagziop.jpg,Coal tar Sub odor,0.0274
labelme_kvyxvreglagziop.jpg,Cortex Sub odor,0.0184
labelme_kvyxvreglagziop.jpg,Rue Sub odor,0.0149
labelme_kvyxvreglagziop.jpg,Galbanum Sub odor,0.0145
labelme_kvyxvreglagziop.jpg,Heliotrope Sub odor,0.0126
labelme_kvyxvreglagziop.jpg,Cut Grass Sub odor,0.0123
labelme_kvyxvreglagziop.jpg,Turpentine Sub odor,0.0110
labelme_kvyxvreglagziop.jpg,Cone-like Sub odor,0.0094
labelme_nxqdbafndbozeee.jpg,Street Cleaning Machine Sub odor,0.1773
labelme_nxqdbafndbozeee.jpg,Coal tar Sub odor,0.0683
labelme_nxqdbafndbozeee.jpg,Diffusive Sub odor,0.0296
labelme_nxqdbafndbozeee.jpg,Characteristic Sub odor,0.0191
labelme_nxqdbafndbozeee.jpg,Cone-like Sub odor,0.0188
labelme_nxqdbafndbozeee.jpg,Fecal Sub odor,0.0141
labelme_nxqdbafndbozeee.jpg,Waterway Sub odor,0.0127
labelme_nxqdbafndbozeee.jpg,Davana Sub odor,0.0118
labelme_nxqdbafndbozeee.jpg,Acetic Sub odor,0.0116
labelme_nxqdbafndbozeee.jpg,Street Vendor Sub odor,0.0107
labelme_rbjlgswhtdvdpju.jpg,Street Cleaning Machine Sub odor,0.1004
labelme_rbjlgswhtdvdpju.jpg,Hawthorn Sub odor,0.0238
labelme_rbjlgswhtdvdpju.jpg,Benzaldehyde Sub odor,0.0226
labelme_rbjlgswhtdvdpju.jpg,Diffusive Sub odor,0.0216
labelme_rbjlgswhtdvdpju.jpg,Fecal Sub odor,0.0194
labelme_rbjlgswhtdvdpju.jpg,Alliaceous Sub odor,0.0159
labelme_rbjlgswhtdvdpju.jpg,Linden flower Sub odor,0.0152
labelme_rbjlgswhtdvdpju.jpg,Tree Sub odor,0.0142
labelme_rbjlgswhtdvdpju.jpg,Privet Sub odor,0.0133
labelme_rbjlgswhtdvdpju.jpg,Walnut Sub odor,0.0130
labelme_teeducufjdaxjgm.jpg,Lorry Sub odor,0.0689
labelme_teeducufjdaxjgm.jpg,Waste Plant Sub odor,0.0678
labelme_teeducufjdaxjgm.jpg,Pyrazine Sub odor,0.0491
labelme_teeducufjdaxjgm.jpg,Benzaldehyde Sub odor,0.0463
labelme_teeducufjdaxjgm.jpg,Alkane Sub odor,0.0394
labelme_teeducufjdaxjgm.jpg,Chemical Plant Sub odor,0.0382
labelme_teeducufjdaxjgm.jpg,Durain Sub odor,0.0304
labelme_teeducufjdaxjgm.jpg,Industrial Unit Sub odor,0.0281
labelme_teeducufjdaxjgm.jpg,Aldehydic Sub odor,0.0279
labelme_teeducufjdaxjgm.jpg,Construction Site Sub odor,0.0261
labelme_uajxqteglcbqwaw.jpg,Durain Sub odor,0.1039
labelme_uajxqteglcbqwaw.jpg,Aldehydic Sub odor,0.0821
labelme_uajxqteglcbqwaw.jpg,Benzaldehyde Sub odor,0.0527
labelme_uajxqteglcbqwaw.jpg,Street Cleaning Machine Sub odor,0.0474
labelme_uajxqteglcbqwaw.jpg,Alkane Sub odor,0.0403
labelme_uajxqteglcbqwaw.jpg,Acetic Sub odor,0.0267
labelme_uajxqteglcbqwaw.jpg,Thiamine Sub odor,0.0197
labelme_uajxqteglcbqwaw.jpg,Citral Sub odor,0.0184
labelme_uajxqteglcbqwaw.jpg,Anaesthetic Sub odor,0.0175
labelme_uajxqteglcbqwaw.jpg,Phenolic Sub odor,0.0166
labelme_uiegyqlthmrvvmt.jpg,Benzaldehyde Sub odor,0.1222
labelme_uiegyqlthmrvvmt.jpg,Alkane Sub odor,0.0593
labelme_uiegyqlthmrvvmt.jpg,Acetic Sub odor,0.0379
labelme_uiegyqlthmrvvmt.jpg,Durain Sub odor,0.0378
labelme_uiegyqlthmrvvmt.jpg,Pyridine Sub odor,0.0347
labelme_uiegyqlthmrvvmt.jpg,Diffusive Sub odor,0.0327
labelme_uiegyqlthmrvvmt.jpg,Lorry Sub odor,0.0320
labelme_uiegyqlthmrvvmt.jpg,Aldehydic Sub odor,0.0315
labelme_uiegyqlthmrvvmt.jpg,Phenolic Sub odor,0.0256
labelme_uiegyqlthmrvvmt.jpg,Limonene Sub odor,0.0241
labelme_ukezunjodtimqkc.jpg,Galbanum Sub odor,0.0359
labelme_ukezunjodtimqkc.jpg,Rue Sub odor,0.0316
labelme_ukezunjodtimqkc.jpg,Hawthorn Sub odor,0.0272
labelme_ukezunjodtimqkc.jpg,Benzaldehyde Sub odor,0.0262
labelme_ukezunjodtimqkc.jpg,Privet Sub odor,0.0225
labelme_ukezunjodtimqkc.jpg,Tallow Sub odor,0.0221
labelme_ukezunjodtimqkc.jpg,Carbolic Sub odor,0.0217
labelme_ukezunjodtimqkc.jpg,Acetic Sub odor,0.0214
labelme_ukezunjodtimqkc.jpg,Davana Sub odor,0.0182
labelme_ukezunjodtimqkc.jpg,Street Cleaning Machine Sub odor,0.0177
labelme_xewvmwvhbbexpwl.jpg,Benzaldehyde Sub odor,0.1070
labelme_xewvmwvhbbexpwl.jpg,Neroli Sub odor,0.0674
labelme_xewvmwvhbbexpwl.jpg,Vinous Sub odor,0.0413
labelme_xewvmwvhbbexpwl.jpg,Labdanum Sub odor,0.0345
labelme_xewvmwvhbbexpwl.jpg,Street Cleaning Machine Sub odor,0.0283
labelme_xewvmwvhbbexpwl.jpg,Acetic Sub odor,0.0270
labelme_xewvmwvhbbexpwl.jpg,Camphor Sub odor,0.0205
labelme_xewvmwvhbbexpwl.jpg,Limonene Sub odor,0.0201
labelme_xewvmwvhbbexpwl.jpg,Tallow Sub odor,0.0201
labelme_xewvmwvhbbexpwl.jpg,Cassia Sub odor,0.0192
labelme_xthqmdozlpcfeah.jpg,Coal tar Sub odor,0.2823
labelme_xthqmdozlpcfeah.jpg,Street Cleaning Machine Sub odor,0.1641
labelme_xthqmdozlpcfeah.jpg,Tarmac Sub odor,0.0569
labelme_xthqmdozlpcfeah.jpg,Construction Site Sub odor,0.0205
labelme_xthqmdozlpcfeah.jpg,Industrial Unit Sub odor,0.0182
labelme_xthqmdozlpcfeah.jpg,Cleaning Fluid Sub odor,0.0123
labelme_xthqmdozlpcfeah.jpg,Solvent Sub odor,0.0121
labelme_xthqmdozlpcfeah.jpg,Nitrile Sub odor,0.0117
labelme_xthqmdozlpcfeah.jpg,Cone-like Sub odor,0.0109
labelme_xthqmdozlpcfeah.jpg,Acetic Sub odor,0.0087
sun_aaafnwawebvhgkpx.jpg,Cedar Sub odor,0.0226
sun_aaafnwawebvhgkpx.jpg,Toasty Sub odor,0.0218
sun_aaafnwawebvhgkpx.jpg,Mahogany Sub odor,0.0184
sun_aaafnwawebvhgkpx.jpg,Cardboard Sub odor,0.0145
sun_aaafnwawebvhgkpx.jpg,Guaiacwood Sub odor,0.0138
sun_aaafnwawebvhgkpx.jpg,Grain Sub odor,0.0135
sun_aaafnwawebvhgkpx.jpg,Kerosene Sub odor,0.0122
sun_aaafnwawebvhgkpx.jpg,Varnish Sub odor,0.0120
sun_aaafnwawebvhgkpx.jpg,Mildew Sub odor,0.0119
sun_aaafnwawebvhgkpx.jpg,Sawdust Sub odor,0.0118
sun_aaeixvafoltxhilv.jpg,Vinous Sub odor,0.0647
sun_aaeixvafoltxhilv.jpg,Camphor Sub odor,0.0506
sun_aaeixvafoltxhilv.jpg,Tallow Sub odor,0.0408
sun_aaeixvafoltxhilv.jpg,Sulphurous Sub odor,0.0368
sun_aaeixvafoltxhilv.jpg,Carbolic Sub odor,0.0266
sun_aaeixvafoltxhilv.jpg,Cognac Sub odor,0.0228
sun_aaeixvafoltxhilv.jpg,Mahogany Sub odor,0.0211
sun_aaeixvafoltxhilv.jpg,Durain Sub odor,0.0179
sun_aaeixvafoltxhilv.jpg,Oak Moss Sub odor,0.0178
sun_aaeixvafoltxhilv.jpg,Linalool Sub odor,0.0160
sun_aajqjnzswlmdcmyl.jpg,Tarmac Sub odor,0.1199
sun_aajqjnzswlmdcmyl.jpg,Fecal Sub odor,0.0408
sun_aajqjnzswlmdcmyl.jpg,Reseda Sub odor,0.0323
sun_aajqjnzswlmdcmyl.jpg,Durain Sub odor,0.0201
sun_aajqjnzswlmdcmyl.jpg,Wet Air Sub odor,0.0163
sun_aajqjnzswlmdcmyl.jpg,Fresh Air Sub odor,0.0156
sun_aajqjnzswlmdcmyl.jpg,Diffusive Sub odor,0.0146
sun_aajqjnzswlmdcmyl.jpg,Solvent Sub odor,0.0138
sun_aajqjnzswlmdcmyl.jpg,Citral Sub odor,0.0123
sun_aajqjnzswlmdcmyl.jpg,Acetic Sub odor,0.0117
sun_abjkbiowonmjypvw.jpg,Old wood Sub odor,0.1445
sun_abjkbiowonmjypvw.jpg,Cedar Sub odor,0.0413
sun_abjkbiowonmjypvw.jpg,Manure Sub odor,0.0351
sun_abjkbiowonmjypvw.jpg,Coal tar Sub odor,0.0343
sun_abjkbiowonmjypvw.jpg,Cedarwood Sub odor,0.0217
sun_abjkbiowonmjypvw.jpg,Pyrazine Sub odor,0.0216
sun_abjkbiowonmjypvw.jpg,Burnt Wood Sub odor,0.0210
sun_abjkbiowonmjypvw.jpg,Coal Sub odor,0.0209
sun_abjkbiowonmjypvw.jpg,Turpentine Sub odor,0.0195
sun_abjkbiowonmjypvw.jpg,Decaying Vegetation Sub odor,0.0175
sun_abjkyoaboisttjmi.jpg,Neroli Sub odor,0.0723
sun_abjkyoaboisttjmi.jpg,Davana Sub odor,0.0308
sun_abjkyoaboisttjmi.jpg,Thiamine Sub odor,0.0289
sun_abjkyoaboisttjmi.jpg,Valerian root Sub odor,0.0282
sun_abjkyoaboisttjmi.jpg,Benzaldehyde Sub odor,0.0275
sun_abjkyoaboisttjmi.jpg,Durain Sub odor,0.0253
sun_abjkyoaboisttjmi.jpg,Myrrh Sub odor,0.0245
sun_abjkyoaboisttjmi.jpg,Costus Sub odor,0.0225
sun_abjkyoaboisttjmi.jpg,Citronella Sub odor,0.0204
sun_abjkyoaboisttjmi.jpg,Origanum Sub odor,0.0187
sun_abptkhloebztzify.jpg,Cedarwood Sub odor,0.0773
sun_abptkhloebztzify.jpg,Carbolic Sub odor,0.0484
sun_abptkhloebztzify.jpg,Cedar Sub odor,0.0187
sun_abptkhloebztzify.jpg,Mahogany Sub odor,0.0181
sun_abptkhloebztzify.jpg,Varnish Sub odor,0.0173
sun_abptkhloebztzify.jpg,Guaiacwood Sub odor,0.0166
sun_abptkhloebztzify.jpg,Davana Sub odor,0.0153
sun_abptkhloebztzify.jpg,Laundered cloth Sub odor,0.0134
sun_abptkhloebztzify.jpg,Rye bready Sub odor,0.0131
sun_abptkhloebztzify.jpg,Cognac Sub odor,0.0127
sun_acdlgczjpwkeuvgy.jpg,Cleaning Fluid Sub odor,0.0420
sun_acdlgczjpwkeuvgy.jpg,Walnut Sub odor,0.0370
sun_acdlgczjpwkeuvgy.jpg,Mildew Sub odor,0.0306
sun_acdlgczjpwkeuvgy.jpg,Solvent Sub odor,0.0253
sun_acdlgczjpwkeuvgy.jpg,Camphor Sub odor,0.0247
sun_acdlgczjpwkeuvgy.jpg,Cut Grass Sub odor,0.0201
sun_acdlgczjpwkeuvgy.jpg,Baker's Yeast Sub odor,0.0165
sun_acdlgczjpwkeuvgy.jpg,Phenolic Sub odor,0.0165
sun_acdlgczjpwkeuvgy.jpg,Linalool Sub odor,0.0163
sun_acdlgczjpwkeuvgy.jpg,Ozone Sub odor,0.0127
sun_acnsvvdtsvgmavud.jpg,Cedar Sub odor,0.1305
sun_acnsvvdtsvgmavud.jpg,Industrial Unit Sub odor,0.0523
sun_acnsvvdtsvgmavud.jpg,Walnut Sub odor,0.0387
sun_acnsvvdtsvgmavud.jpg,Old wood Sub odor,0.0324
sun_acnsvvdtsvgmavud.jpg,Oak Sub odor,0.0297
sun_acnsvvdtsvgmavud.jpg,Sawdust Sub odor,0.0250
sun_acnsvvdtsvgmavud.jpg,Cypress Sub odor,0.0243
sun_acnsvvdtsvgmavud.jpg,Cedarwood Sub odor,0.0196
sun_acnsvvdtsvgmavud.jpg,Oak Moss Sub odor,0.0161
sun_acnsvvdtsvgmavud.jpg,Mahogany Sub odor,0.0151
sun_adiseghgpfylsbrh.jpg,Mahogany Sub odor,0.0888
sun_adiseghgpfylsbrh.jpg,Mildew Sub odor,0.0662
sun_adiseghgpfylsbrh.jpg,Camphor Sub odor,0.0305
sun_adiseghgpfylsbrh.jpg,Varnish Sub odor,0.0271
sun_adiseghgpfylsbrh.jpg,Walnut Sub odor,0.0249
sun_adiseghgpfylsbrh.jpg,Cleaning Fluid Sub odor,0.0213
sun_adiseghgpfylsbrh.jpg,Citronella Sub odor,0.0208
sun_adiseghgpfylsbrh.jpg,Oak Sub odor,0.0198
sun_adiseghgpfylsbrh.jpg,Drain Sub odor,0.0189
sun_adiseghgpfylsbrh.jpg,Solvent Sub odor,0.0185
sun_aeauzpesdtbrujrr.jpg,Rummy Sub odor,0.1258
sun_aeauzpesdtbrujrr.jpg,Incense Sub odor,0.0650
sun_aeauzpesdtbrujrr.jpg,Cigar Sub odor,0.0460
sun_aeauzpesdtbrujrr.jpg,Cognac Sub odor,0.0264
sun_aeauzpesdtbrujrr.jpg,Carbolic Sub odor,0.0254
sun_aeauzpesdtbrujrr.jpg,Cigarette Sub odor,0.0154
sun_aeauzpesdtbrujrr.jpg,Mahogany Sub odor,0.0136
sun_aeauzpesdtbrujrr.jpg,Distinctive Sub odor,0.0134
sun_aeauzpesdtbrujrr.jpg,Guaiacwood Sub odor,0.0121
sun_aeauzpesdtbrujrr.jpg,Tallow Sub odor,0.0112
sun_aegzcnuxtvoxtlmw.jpg,Drain Sub odor,0.1511
sun_aegzcnuxtvoxtlmw.jpg,Mildew Sub odor,0.0437
sun_aegzcnuxtvoxtlmw.jpg,Fecal Sub odor,0.0423
sun_aegzcnuxtvoxtlmw.jpg,Septic Sub odor,0.0303
sun_aegzcnuxtvoxtlmw.jpg,Cleaning Fluid Sub odor,0.0260
sun_aegzcnuxtvoxtlmw.jpg,Cedar Sub odor,0.0242
sun_aegzcnuxtvoxtlmw.jpg,Public Toilet Sub odor,0.0178
sun_aegzcnuxtvoxtlmw.jpg,Urine Sub odor,0.0159
sun_aegzcnuxtvoxtlmw.jpg,Sewage Sub odor,0.0148
sun_aegzcnuxtvoxtlmw.jpg,Davana Sub odor,0.0145
sun_aenzryhupalpotjl.jpg,Waterway Sub odor,0.0272
sun_aenzryhupalpotjl.jpg,Fresh Air Sub odor,0.0220
sun_aenzryhupalpotjl.jpg,Coal tar Sub odor,0.0195
sun_aenzryhupalpotjl.jpg,Rye bready Sub odor,0.0182
sun_aenzryhupalpotjl.jpg,Cortex Sub odor,0.0149
sun_aenzryhupalpotjl.jpg,Cypress Sub odor,0.0144
sun_aenzryhupalpotjl.jpg,Oyster Sub odor,0.0133
sun_aenzryhupalpotjl.jpg,Ozone Sub odor,0.0130
sun_aenzryhupalpotjl.jpg,Fecal Sub odor,0.0113
sun_aenzryhupalpotjl.jpg,Clam Sub odor,0.0094
sun_aepclyjnqchhsigu.jpg,Cut Grass Sub odor,0.0298
sun_aepclyjnqchhsigu.jpg,Acacia Sub odor,0.0279
sun_aepclyjnqchhsigu.jpg,"Grassy(Green, Sharp)' Sub odor",0.0268
sun_aepclyjnqchhsigu.jpg,Dead Sub odor,0.0228
sun_aepclyjnqchhsigu.jpg,Cypress Sub odor,0.0202
sun_aepclyjnqchhsigu.jpg,Pyrazine Sub odor,0.0189
sun_aepclyjnqchhsigu.jpg,Cassia Sub odor,0.0168
sun_aepclyjnqchhsigu.jpg,Fecal Sub odor,0.0161
sun_aepclyjnqchhsigu.jpg,Fresh Cut Grass Sub odor,0.0158
sun_aepclyjnqchhsigu.jpg,Magnolia Sub odor,0.0153
sun_aevqjxkcmdzqzzhd.jpg,Linalool Sub odor,0.0510
sun_aevqjxkcmdzqzzhd.jpg,Costus Sub odor,0.0489
sun_aevqjxkcmdzqzzhd.jpg,Davana Sub odor,0.0372
sun_aevqjxkcmdzqzzhd.jpg,Laundered cloth Sub odor,0.0321
sun_aevqjxkcmdzqzzhd.jpg,Carbolic Sub odor,0.0265
sun_aevqjxkcmdzqzzhd.jpg,Camphor Sub odor,0.0250
sun_aevqjxkcmdzqzzhd.jpg,Durain Sub odor,0.0235
sun_aevqjxkcmdzqzzhd.jpg,Limonene Sub odor,0.0188
sun_aevqjxkcmdzqzzhd.jpg,Thiamine Sub odor,0.0176
sun_aevqjxkcmdzqzzhd.jpg,Acetic Sub odor,0.0151
sun_aeyxnsjrnbdhbesx.jpg,Sandalwood Sub odor,0.0457
sun_aeyxnsjrnbdhbesx.jpg,Mahogany Sub odor,0.0375
sun_aeyxnsjrnbdhbesx.jpg,Davana Sub odor,0.0301
sun_aeyxnsjrnbdhbesx.jpg,Tallow Sub odor,0.0264
sun_aeyxnsjrnbdhbesx.jpg,Shoe Polish Sub odor,0.0247
sun_aeyxnsjrnbdhbesx.jpg,Oak Moss Sub odor,0.0202
sun_aeyxnsjrnbdhbesx.jpg,Diffusive Sub odor,0.0188
sun_aeyxnsjrnbdhbesx.jpg,Cedarwood Sub odor,0.0187
sun_aeyxnsjrnbdhbesx.jpg,Camphor Sub odor,0.0142
sun_aeyxnsjrnbdhbesx.jpg,Solvent Sub odor,0.0136
sun_afndasonamlaolbl.jpg,Drain Sub odor,0.0477
sun_afndasonamlaolbl.jpg,Mildew Sub odor,0.0396
sun_afndasonamlaolbl.jpg,Oak Moss Sub odor,0.0310
sun_afndasonamlaolbl.jpg,Cedar Sub odor,0.0300
sun_afndasonamlaolbl.jpg,Mahogany Sub odor,0.0224
sun_afndasonamlaolbl.jpg,Varnish Sub odor,0.0219
sun_afndasonamlaolbl.jpg,Coal tar Sub odor,0.0219
sun_afndasonamlaolbl.jpg,Citronella Sub odor,0.0175
sun_afndasonamlaolbl.jpg,Cedarwood Sub odor,0.0136
sun_afndasonamlaolbl.jpg,Juniper Sub odor,0.0116
sun_afqecbbwvpxqcuew.jpg,Cyclamen Sub odor,0.0498
sun_afqecbbwvpxqcuew.jpg,Lily of the valley Sub odor,0.0424
sun_afqecbbwvpxqcuew.jpg,Hyacinth Sub odor,0.0423
sun_afqecbbwvpxqcuew.jpg,Valerian root Sub odor,0.0407
sun_afqecbbwvpxqcuew.jpg,Costus Sub odor,0.0349
sun_afqecbbwvpxqcuew.jpg,Bois de rose Sub odor,0.0331
sun_afqecbbwvpxqcuew.jpg,Clary sage Sub odor,0.0319
sun_afqecbbwvpxqcuew.jpg,Peony Sub odor,0.0288
sun_afqecbbwvpxqcuew.jpg,Narcissus Sub odor,0.0226
sun_afqecbbwvpxqcuew.jpg,Blooms Sub odor,0.0219
sun_afqhutovoyopjklj.jpg,Ether Sub odor,0.0306
sun_afqhutovoyopjklj.jpg,Sulphurous Sub odor,0.0186
sun_afqhutovoyopjklj.jpg,Durain Sub odor,0.0170
sun_afqhutovoyopjklj.jpg,Oak Sub odor,0.0162
sun_afqhutovoyopjklj.jpg,Pesticide Sub odor,0.0140
sun_afqhutovoyopjklj.jpg,Alkane Sub odor,0.0133
sun_afqhutovoyopjklj.jpg,Diffusive Sub odor,0.0131
sun_afqhutovoyopjklj.jpg,Thiamine Sub odor,0.0127
sun_afqhutovoyopjklj.jpg,Benzaldehyde Sub odor,0.0120
sun_afqhutovoyopjklj.jpg,Hawthorn Sub odor,0.0112
sun_afreqryibyksnmev.jpg,Mahogany Sub odor,0.1578
sun_afreqryibyksnmev.jpg,Cognac Sub odor,0.0462
sun_afreqryibyksnmev.jpg,Paint Sub odor,0.0289
sun_afreqryibyksnmev.jpg,Old wood Sub odor,0.0283
sun_afreqryibyksnmev.jpg,Cedarwood Sub odor,0.0215
sun_afreqryibyksnmev.jpg,Clean Sub odor,0.0168
sun_afreqryibyksnmev.jpg,Varnish Sub odor,0.0165
sun_afreqryibyksnmev.jpg,Walnut Sub odor,0.0154
sun_afreqryibyksnmev.jpg,Linalool Sub odor,0.0147
sun_afreqryibyksnmev.jpg,Citronella Sub odor,0.0146
sun_aftwrmahenhkilad.jpg,Camphor Sub odor,0.0988
sun_aftwrmahenhkilad.jpg,Tallow Sub odor,0.0258
sun_aftwrmahenhkilad.jpg,Thiamine Sub odor,0.0247
sun_aftwrmahenhkilad.jpg,Linalool Sub odor,0.0241
sun_aftwrmahenhkilad.jpg,Phenolic Sub odor,0.0232
sun_aftwrmahenhkilad.jpg,Oak Moss Sub odor,0.0230
sun_aftwrmahenhkilad.jpg,Vinous Sub odor,0.0197
sun_aftwrmahenhkilad.jpg,Davana Sub odor,0.0152
sun_aftwrmahenhkilad.jpg,Caraway Sub odor,0.0140
sun_aftwrmahenhkilad.jpg,Origanum Sub odor,0.0139
sun_agcwankggrotikly.jpg,Dry Cleaning Sub odor,0.1004
sun_agcwankggrotikly.jpg,Linalool Sub odor,0.0377
sun_agcwankggrotikly.jpg,Industrial Unit Sub odor,0.0353
sun_agcwankggrotikly.jpg,Oak Moss Sub odor,0.0268
sun_agcwankggrotikly.jpg,Camphor Sub odor,0.0260
sun_agcwankggrotikly.jpg,Fir needle Sub odor,0.0210
sun_agcwankggrotikly.jpg,Wet Wool Sub odor,0.0207
sun_agcwankggrotikly.jpg,Clothes Sub odor,0.0196
sun_agcwankggrotikly.jpg,Diffusive Sub odor,0.0155
sun_agcwankggrotikly.jpg,Acetic Sub odor,0.0133
sun_aiaolaigwstmdabl.jpg,Cleaning Fluid Sub odor,0.0248
sun_aiaolaigwstmdabl.jpg,Solvent Sub odor,0.0230
sun_aiaolaigwstmdabl.jpg,Camphor Sub odor,0.0223
sun_aiaolaigwstmdabl.jpg,Acrylic Sub odor,0.0210
sun_aiaolaigwstmdabl.jpg,Mildew Sub odor,0.0202
sun_aiaolaigwstmdabl.jpg,Cauliflower Sub odor,0.0154
sun_aiaolaigwstmdabl.jpg,Walnut Sub odor,0.0151
sun_aiaolaigwstmdabl.jpg,Parsley Sub odor,0.0150
sun_aiaolaigwstmdabl.jpg,Cooked potato Sub odor,0.0133
sun_aiaolaigwstmdabl.jpg,Orris Sub odor,0.0130
sun_aiiubfphimhxnlkk.jpg,Construction Site Sub odor,0.1753
sun_aiiubfphimhxnlkk.jpg,Lorry Sub odor,0.1503
sun_aiiubfphimhxnlkk.jpg,Street Cleaning Machine Sub odor,0.0590
sun_aiiubfphimhxnlkk.jpg,Davana Sub odor,0.0558
sun_aiiubfphimhxnlkk.jpg,Waste Plant Sub odor,0.0550
sun_aiiubfphimhxnlkk.jpg,Benzaldehyde Sub odor,0.0217
sun_aiiubfphimhxnlkk.jpg,Industrial Unit Sub odor,0.0214
sun_aiiubfphimhxnlkk.jpg,Jackfruit Sub odor,0.0196
sun_aiiubfphimhxnlkk.jpg,Root Sub odor,0.0163
sun_aiiubfphimhxnlkk.jpg,Sandalwood Sub odor,0.0116
sun_ajcalpgflrfvhhhw.jpg,Tropical Sub odor,0.2308
sun_ajcalpgflrfvhhhw.jpg,Limonene Sub odor,0.0236
sun_ajcalpgflrfvhhhw.jpg,Camphor Sub odor,0.0228
sun_ajcalpgflrfvhhhw.jpg,Thiamine Sub odor,0.0217
sun_ajcalpgflrfvhhhw.jpg,Bergamot Sub odor,0.0188
sun_ajcalpgflrfvhhhw.jpg,Vetiver Sub odor,0.0137
sun_ajcalpgflrfvhhhw.jpg,Acacia Sub odor,0.0132
sun_ajcalpgflrfvhhhw.jpg,Benzaldehyde Sub odor,0.0130
sun_ajcalpgflrfvhhhw.jpg,Costus Sub odor,0.0123
sun_ajcalpgflrfvhhhw.jpg,Neroli Sub odor,0.0122
sun_ajhljrrlroysumtf.jpg,Grapefruit Sub odor,0.0345
sun_ajhljrrlroysumtf.jpg,Walnut Sub odor,0.0340
sun_ajhljrrlroysumtf.jpg,Dried Fruit Sub odor,0.0283
sun_ajhljrrlroysumtf.jpg,Camphor Sub odor,0.0237
sun_ajhljrrlroysumtf.jpg,Cooked potato Sub odor,0.0191
sun_ajhljrrlroysumtf.jpg,Mildew Sub odor,0.0175
sun_ajhljrrlroysumtf.jpg,Vinegar Sub odor,0.0161
sun_ajhljrrlroysumtf.jpg,Juniper Sub odor,0.0127
sun_ajhljrrlroysumtf.jpg,Varnish Sub odor,0.0121
sun_ajhljrrlroysumtf.jpg,Cleaning Fluid Sub odor,0.0118
sun_akbbxewfnuxtxfkd.jpg,Durain Sub odor,0.1375
sun_akbbxewfnuxtxfkd.jpg,Aldehydic Sub odor,0.0630
sun_akbbxewfnuxtxfkd.jpg,Davana Sub odor,0.0514
sun_akbbxewfnuxtxfkd.jpg,Alkane Sub odor,0.0452
sun_akbbxewfnuxtxfkd.jpg,Myrrh Sub odor,0.0442
sun_akbbxewfnuxtxfkd.jpg,Lactonic Sub odor,0.0332
sun_akbbxewfnuxtxfkd.jpg,Benzaldehyde Sub odor,0.0223
sun_akbbxewfnuxtxfkd.jpg,Stone Sub odor,0.0220
sun_akbbxewfnuxtxfkd.jpg,Acetic Sub odor,0.0209
sun_akbbxewfnuxtxfkd.jpg,Thiamine Sub odor,0.0199
sun_akeacyqqafcecdbg.jpg,Galbanum Sub odor,0.0944
sun_akeacyqqafcecdbg.jpg,Stone Sub odor,0.0770
sun_akeacyqqafcecdbg.jpg,Aldehydic Sub odor,0.0492
sun_akeacyqqafcecdbg.jpg,Decaying Vegetation Sub odor,0.0294
sun_akeacyqqafcecdbg.jpg,Durain Sub odor,0.0267
sun_akeacyqqafcecdbg.jpg,Hawthorn Sub odor,0.0185
sun_akeacyqqafcecdbg.jpg,Privet Sub odor,0.0160
sun_akeacyqqafcecdbg.jpg,Turpentine Sub odor,0.0153
sun_akeacyqqafcecdbg.jpg,Decayed Sub odor,0.0150
sun_akeacyqqafcecdbg.jpg,Cognac Sub odor,0.0141
sun_akzskyczltnifnbv.jpg,Camphor Sub odor,0.1003
sun_akzskyczltnifnbv.jpg,Costus Sub odor,0.0767
sun_akzskyczltnifnbv.jpg,Davana Sub odor,0.0275
sun_akzskyczltnifnbv.jpg,Linalool Sub odor,0.0275
sun_akzskyczltnifnbv.jpg,Benzaldehyde Sub odor,0.0198
sun_akzskyczltnifnbv.jpg,Laundered cloth Sub odor,0.0171
sun_akzskyczltnifnbv.jpg,Gardenia Sub odor,0.0169
sun_akzskyczltnifnbv.jpg,Citronella Sub odor,0.0162
sun_akzskyczltnifnbv.jpg,Neroli Sub odor,0.0159
sun_akzskyczltnifnbv.jpg,Sandalwood Sub odor,0.0154
sun_aleuusbwkobwettd.jpg,Varnish Sub odor,0.0328
sun_aleuusbwkobwettd.jpg,Camphor Sub odor,0.0249
sun_aleuusbwkobwettd.jpg,Stone Sub odor,0.0248
sun_aleuusbwkobwettd.jpg,Mildew Sub odor,0.0183
sun_aleuusbwkobwettd.jpg,Durain Sub odor,0.0179
sun_aleuusbwkobwettd.jpg,Hyacinth Sub odor,0.0173
sun_aleuusbwkobwettd.jpg,Aldehydic Sub odor,0.0156
sun_aleuusbwkobwettd.jpg,Davana Sub odor,0.0152
sun_aleuusbwkobwettd.jpg,Carbolic Sub odor,0.0147
sun_aleuusbwkobwettd.jpg,Vetiver Sub odor,0.0142
sun_aliluoapadnpobus.jpg,Durain Sub odor,0.0989
sun_aliluoapadnpobus.jpg,Origanum Sub odor,0.0352
sun_aliluoapadnpobus.jpg,Aldehydic Sub odor,0.0312
sun_aliluoapadnpobus.jpg,Acetic Sub odor,0.0251
sun_aliluoapadnpobus.jpg,Tarry Sub odor,0.0248
sun_aliluoapadnpobus.jpg,Stone Sub odor,0.0213
sun_aliluoapadnpobus.jpg,Benzaldehyde Sub odor,0.0190
sun_aliluoapadnpobus.jpg,Eugenol Sub odor,0.0189
sun_aliluoapadnpobus.jpg,Myrrh Sub odor,0.0178
sun_aliluoapadnpobus.jpg,Galbanum Sub odor,0.0163
sun_altwjhscqoydayov.jpg,Alliaceous Sub odor,0.0380
sun_altwjhscqoydayov.jpg,Paint Sub odor,0.0334
sun_altwjhscqoydayov.jpg,Pesticide Sub odor,0.0249
sun_altwjhscqoydayov.jpg,Vinous Sub odor,0.0237
sun_altwjhscqoydayov.jpg,Tallow Sub odor,0.0223
sun_altwjhscqoydayov.jpg,Reseda Sub odor,0.0203
sun_altwjhscqoydayov.jpg,Orange Blossom Sub odor,0.0187
sun_altwjhscqoydayov.jpg,Acetic Sub odor,0.0181
sun_altwjhscqoydayov.jpg,Narcissus Sub odor,0.0161
sun_altwjhscqoydayov.jpg,Diffusive Sub odor,0.0158
sun_amyfrjfsypqohzav.jpg,Thiamine Sub odor,0.0388
sun_amyfrjfsypqohzav.jpg,Camphor Sub odor,0.0324
sun_amyfrjfsypqohzav.jpg,Coniferous Sub odor,0.0324
sun_amyfrjfsypqohzav.jpg,Davana Sub odor,0.0273
sun_amyfrjfsypqohzav.jpg,Waterway Sub odor,0.0267
sun_amyfrjfsypqohzav.jpg,Durain Sub odor,0.0255
sun_amyfrjfsypqohzav.jpg,Fresh Air Sub odor,0.0237
sun_amyfrjfsypqohzav.jpg,Pyrazine Sub odor,0.0224
sun_amyfrjfsypqohzav.jpg,Water Sub odor,0.0174
sun_amyfrjfsypqohzav.jpg,Hawthorn Sub odor,0.0158
sun_angihfcdleudgnvr.jpg,Industrial Unit Sub odor,0.0705
sun_angihfcdleudgnvr.jpg,Oak Moss Sub odor,0.0537
sun_angihfcdleudgnvr.jpg,Solvent Sub odor,0.0191
sun_angihfcdleudgnvr.jpg,Plant Sub odor,0.0154
sun_angihfcdleudgnvr.jpg,Black Olive Sub odor,0.0151
sun_angihfcdleudgnvr.jpg,Coal tar Sub odor,0.0138
sun_angihfcdleudgnvr.jpg,Dry Cleaning Sub odor,0.0128
sun_angihfcdleudgnvr.jpg,Fresh Cut Grass Sub odor,0.0126
sun_angihfcdleudgnvr.jpg,Fresh Cut Flower Sub odor,0.0124
sun_angihfcdleudgnvr.jpg,Disinfectant Sub odor,0.0121
sun_annhmcysnhhysgnz.jpg,Citronella Sub odor,0.0468
sun_annhmcysnhhysgnz.jpg,Camphor Sub odor,0.0454
sun_annhmcysnhhysgnz.jpg,Cedar Sub odor,0.0416
sun_annhmcysnhhysgnz.jpg,Restaurant Sub odor,0.0402
sun_annhmcysnhhysgnz.jpg,Oak Moss Sub odor,0.0308
sun_annhmcysnhhysgnz.jpg,Mahogany Sub odor,0.0296
sun_annhmcysnhhysgnz.jpg,Mildew Sub odor,0.0193
sun_annhmcysnhhysgnz.jpg,Oak Sub odor,0.0169
sun_annhmcysnhhysgnz.jpg,Cedarwood Sub odor,0.0157
sun_annhmcysnhhysgnz.jpg,Tallow Sub odor,0.0154
sun_anuocfbudybnkgtg.jpg,Sewage Sub odor,0.1080
sun_anuocfbudybnkgtg.jpg,Waterway Sub odor,0.0809
sun_anuocfbudybnkgtg.jpg,Water Sub odor,0.0794
sun_anuocfbudybnkgtg.jpg,Drain Sub odor,0.0535
sun_anuocfbudybnkgtg.jpg,Fecal Sub odor,0.0184
sun_anuocfbudybnkgtg.jpg,Privet Sub odor,0.0168
sun_anuocfbudybnkgtg.jpg,Public Toilet Sub odor,0.0153
sun_anuocfbudybnkgtg.jpg,Pyrazine Sub odor,0.0141
sun_anuocfbudybnkgtg.jpg,Ammonia Sub odor,0.0136
sun_anuocfbudybnkgtg.jpg,Camphor Sub odor,0.0133
sun_anzyycgyacnppfws.jpg,Linalool Sub odor,0.0751
sun_anzyycgyacnppfws.jpg,Laundered cloth Sub odor,0.0633
sun_anzyycgyacnppfws.jpg,Camphor Sub odor,0.0562
sun_anzyycgyacnppfws.jpg,Clary sage Sub odor,0.0265
sun_anzyycgyacnppfws.jpg,Neroli Sub odor,0.0256
sun_anzyycgyacnppfws.jpg,Linen Sub odor,0.0251
sun_anzyycgyacnppfws.jpg,Cedarwood Sub odor,0.0240
sun_anzyycgyacnppfws.jpg,Davana Sub odor,0.0187
sun_anzyycgyacnppfws.jpg,Chicory Sub odor,0.0172
sun_anzyycgyacnppfws.jpg,Costus Sub odor,0.0165
sun_aoemlihrrrwglvor.jpg,Hawthorn Sub odor,0.0643
sun_aoemlihrrrwglvor.jpg,Juniper Sub odor,0.0577
sun_aoemlihrrrwglvor.jpg,Camphor Sub odor,0.0564
sun_aoemlihrrrwglvor.jpg,Privet Sub odor,0.0469
sun_aoemlihrrrwglvor.jpg,Cassia Sub odor,0.0401
sun_aoemlihrrrwglvor.jpg,Origanum Sub odor,0.0382
sun_aoemlihrrrwglvor.jpg,Eucalyptus Sub odor,0.0353
sun_aoemlihrrrwglvor.jpg,Pyrazine Sub odor,0.0339
sun_aoemlihrrrwglvor.jpg,Phenolic Sub odor,0.0323
sun_aoemlihrrrwglvor.jpg,Labdanum Sub odor,0.0323
sun_aosytjokmpvilcpj.jpg,Stone Sub odor,0.0722
sun_aosytjokmpvilcpj.jpg,Camphor Sub odor,0.0462
sun_aosytjokmpvilcpj.jpg,Davana Sub odor,0.0422
sun_aosytjokmpvilcpj.jpg,Origanum Sub odor,0.0331
sun_aosytjokmpvilcpj.jpg,Costus Sub odor,0.0284
sun_aosytjokmpvilcpj.jpg,Neroli Sub odor,0.0230
sun_aosytjokmpvilcpj.jpg,Diffusive Sub odor,0.0188
sun_aosytjokmpvilcpj.jpg,Linen Sub odor,0.0178
sun_aosytjokmpvilcpj.jpg,Orris Sub odor,0.0172
sun_aosytjokmpvilcpj.jpg,Laundered cloth Sub odor,0.0171
sun_atdkanradmwnyiyn.jpg,Neroli Sub odor,0.0228
sun_atdkanradmwnyiyn.jpg,Paint Sub odor,0.0218
sun_atdkanradmwnyiyn.jpg,Laundered cloth Sub odor,0.0214
sun_atdkanradmwnyiyn.jpg,Linen Sub odor,0.0196
sun_atdkanradmwnyiyn.jpg,Davana Sub odor,0.0183
sun_atdkanradmwnyiyn.jpg,Geranium Sub odor,0.0157
sun_atdkanradmwnyiyn.jpg,Costus Sub odor,0.0145
sun_atdkanradmwnyiyn.jpg,Citral Sub odor,0.0144
sun_atdkanradmwnyiyn.jpg,Camphor Sub odor,0.0143
sun_atdkanradmwnyiyn.jpg,Carbolic Sub odor,0.0129
sun_atipxhxbzczdttnx.jpg,Industrial Unit Sub odor,0.0579
sun_atipxhxbzczdttnx.jpg,Phenolic Sub odor,0.0447
sun_atipxhxbzczdttnx.jpg,Alkane Sub odor,0.0271
sun_atipxhxbzczdttnx.jpg,Acetic Sub odor,0.0262
sun_atipxhxbzczdttnx.jpg,Durain Sub odor,0.0246
sun_atipxhxbzczdttnx.jpg,Benzaldehyde Sub odor,0.0233
sun_atipxhxbzczdttnx.jpg,Aldehydic Sub odor,0.0227
sun_atipxhxbzczdttnx.jpg,Benzene Sub odor,0.0209
sun_atipxhxbzczdttnx.jpg,Thiamine Sub odor,0.0208
sun_atipxhxbzczdttnx.jpg,Pyridine Sub odor,0.0200
sun_avqxcffpkatshvcl.jpg,Industrial Unit Sub odor,0.1567
sun_avqxcffpkatshvcl.jpg,Nitrile Sub odor,0.0780
sun_avqxcffpkatshvcl.jpg,Solvent Sub odor,0.0565
sun_avqxcffpkatshvcl.jpg,Dry Cleaning Sub odor,0.0288
sun_avqxcffpkatshvcl.jpg,Waste Plant Sub odor,0.0281
sun_avqxcffpkatshvcl.jpg,Acetic Sub odor,0.0204
sun_avqxcffpkatshvcl.jpg,Diffusive Sub odor,0.0187
sun_avqxcffpkatshvcl.jpg,Sawdust Sub odor,0.0163
sun_avqxcffpkatshvcl.jpg,Sweet Solvent Sub odor,0.0147
sun_avqxcffpkatshvcl.jpg,Camphor Sub odor,0.0122
sun_awlzasuxltfvoqrx.jpg,Tarmac Sub odor,0.0619
sun_awlzasuxltfvoqrx.jpg,Tonka Sub odor,0.0538
sun_awlzasuxltfvoqrx.jpg,Cedar Sub odor,0.0348
sun_awlzasuxltfvoqrx.jpg,Aquarium Sub odor,0.0295
sun_awlzasuxltfvoqrx.jpg,Marine Sub odor,0.0271
sun_awlzasuxltfvoqrx.jpg,Aquatic Sub odor,0.0265
sun_awlzasuxltfvoqrx.jpg,Juniper Sub odor,0.0250
sun_awlzasuxltfvoqrx.jpg,Rotten Fish Sub odor,0.0175
sun_awlzasuxltfvoqrx.jpg,Solvent Sub odor,0.0156
sun_awlzasuxltfvoqrx.jpg,Privet Sub odor,0.0145
sun_axbmrnrlmwuzaodf.jpg,Kerosene Sub odor,0.0496
sun_axbmrnrlmwuzaodf.jpg,Restaurant Sub odor,0.0398
sun_axbmrnrlmwuzaodf.jpg,Public Toilet Sub odor,0.0332
sun_axbmrnrlmwuzaodf.jpg,Mildew Sub odor,0.0235
sun_axbmrnrlmwuzaodf.jpg,Fecal Sub odor,0.0222
sun_axbmrnrlmwuzaodf.jpg,Drain Sub odor,0.0204
sun_axbmrnrlmwuzaodf.jpg,Soapy Sub odor,0.0192
sun_axbmrnrlmwuzaodf.jpg,Vomit Sub odor,0.0183
sun_axbmrnrlmwuzaodf.jpg,Hairdresser Sub odor,0.0182
sun_axbmrnrlmwuzaodf.jpg,Urine Sub odor,0.0178
sun_ayembmzlbmvbrvqc.jpg,Industrial Unit Sub odor,0.1804
sun_ayembmzlbmvbrvqc.jpg,Chemical Plant Sub odor,0.1061
sun_ayembmzlbmvbrvqc.jpg,Waste Plant Sub odor,0.0446
sun_ayembmzlbmvbrvqc.jpg,"Grassy(Green, Sharp)' Sub odor",0.0343
sun_ayembmzlbmvbrvqc.jpg,Cut Grass Sub odor,0.0340
sun_ayembmzlbmvbrvqc.jpg,Alkane Sub odor,0.0254
sun_ayembmzlbmvbrvqc.jpg,Coniferous Sub odor,0.0183
sun_ayembmzlbmvbrvqc.jpg,Nitrile Sub odor,0.0158
sun_ayembmzlbmvbrvqc.jpg,Cypress Sub odor,0.0145
sun_ayembmzlbmvbrvqc.jpg,"Grassy (Fresh, Sweet)' Sub odor",0.0143
sun_aytkqydhywbnykun.jpg,Walnut Sub odor,0.0273
sun_aytkqydhywbnykun.jpg,Laundered cloth Sub odor,0.0247
sun_aytkqydhywbnykun.jpg,Allium Sub odor,0.0194
sun_aytkqydhywbnykun.jpg,Linalool Sub odor,0.0177
sun_aytkqydhywbnykun.jpg,Ylang Sub odor,0.0173
sun_aytkqydhywbnykun.jpg,Davana Sub odor,0.0167
sun_aytkqydhywbnykun.jpg,Orchid Sub odor,0.0162
sun_aytkqydhywbnykun.jpg,Costus Sub odor,0.0156
sun_aytkqydhywbnykun.jpg,Cedarwood Sub odor,0.0144
sun_aytkqydhywbnykun.jpg,Hyacinth Sub odor,0.0135
sun_bemqrnupbojbmaql.jpg,Costus Sub odor,0.1289
sun_bemqrnupbojbmaql.jpg,Camphor Sub odor,0.0387
sun_bemqrnupbojbmaql.jpg,Orchid Sub odor,0.0288
sun_bemqrnupbojbmaql.jpg,Origanum Sub odor,0.0264
sun_bemqrnupbojbmaql.jpg,Valerian root Sub odor,0.0172
sun_bemqrnupbojbmaql.jpg,Linalool Sub odor,0.0163
sun_bemqrnupbojbmaql.jpg,Hyacinth Sub odor,0.0154
sun_bemqrnupbojbmaql.jpg,Jackfruit Sub odor,0.0137
sun_bemqrnupbojbmaql.jpg,Plant Sub odor,0.0134
sun_bemqrnupbojbmaql.jpg,Davana Sub odor,0.0122
sun_bhwcxdrfinabwbpi.jpg,Davana Sub odor,0.0720
sun_bhwcxdrfinabwbpi.jpg,Wet Wool Sub odor,0.0259
sun_bhwcxdrfinabwbpi.jpg,Camphor Sub odor,0.0183
sun_bhwcxdrfinabwbpi.jpg,Tallow Sub odor,0.0165
sun_bhwcxdrfinabwbpi.jpg,Cananga Sub odor,0.0163
sun_bhwcxdrfinabwbpi.jpg,Dried Grass Sub odor,0.0159
sun_bhwcxdrfinabwbpi.jpg,Origanum Sub odor,0.0157
sun_bhwcxdrfinabwbpi.jpg,Stone Sub odor,0.0150
sun_bhwcxdrfinabwbpi.jpg,Guaiacwood Sub odor,0.0149
sun_bhwcxdrfinabwbpi.jpg,Orris Sub odor,0.0139
sun_biqtmpypgwgktgab.jpg,Ozone Sub odor,0.0505
sun_biqtmpypgwgktgab.jpg,Phenolic Sub odor,0.0455
sun_biqtmpypgwgktgab.jpg,Diffusive Sub odor,0.0396
sun_biqtmpypgwgktgab.jpg,Solvent Sub odor,0.0300
sun_biqtmpypgwgktgab.jpg,Walnut Sub odor,0.0264
sun_biqtmpypgwgktgab.jpg,Cedar Sub odor,0.0223
sun_biqtmpypgwgktgab.jpg,Industrial Unit Sub odor,0.0220
sun_biqtmpypgwgktgab.jpg,Juniper Sub odor,0.0210
sun_biqtmpypgwgktgab.jpg,Mildew Sub odor,0.0203
sun_biqtmpypgwgktgab.jpg,Orris Sub odor,0.0164
sun_cpsvebxdrvevzsim.jpg,Tarmac Sub odor,0.0927
sun_cpsvebxdrvevzsim.jpg,Wet Air Sub odor,0.0572
sun_cpsvebxdrvevzsim.jpg,Fresh Air Sub odor,0.0350
sun_cpsvebxdrvevzsim.jpg,Ammonia Sub odor,0.0238
sun_cpsvebxdrvevzsim.jpg,Distinctive Sub odor,0.0155
sun_cpsvebxdrvevzsim.jpg,Durain Sub odor,0.0152
sun_cpsvebxdrvevzsim.jpg,Fuel Sub odor,0.0146
sun_cpsvebxdrvevzsim.jpg,Diffusive Sub odor,0.0125
sun_cpsvebxdrvevzsim.jpg,Aldehydic Sub odor,0.0114
sun_cpsvebxdrvevzsim.jpg,Waterway Sub odor,0.0108
